url,label
http://sbi.verify.hl5nzr.zomato-hm86.ga/index.php?user=y1yogq&token=04qpqrw6t77viz75uerj,1
http://56.17.200.220/google/signin.html,1
https://nasa.gov/wiki/recipes,0
http://microsoft.update.d40cm0.irctc.c-ipo8.tk/index.php?user=6k24zn&token=0mwmkcwj77ecaaffsduc,1
https://wikipedia.org/docs/getting-started,0
https://zomato.com/wiki/science,0
https://nasa.gov/,0
https://www.irctc.co.in/blog/2024/finance,0
https://bbc.co.uk/,0
http://207.36.121.140/icici/signin.html,1
https://www.youtube.com/user/music/profile,0
http://reddit.com/search?q=travel,0
http://facebook.support.fagn3c.nytimes-956j.icu/index.php?user=d1bpo4&token=9im4knpi91py9t27yfzr,1
https://www.bbc.co.uk/,0
https://bbc.co.uk/about,0
http://paypal-billing.7cdzp.icu/billing/bbwgdkd8.php,1
https://wikipedia.org/search?q=laptop,0
http://google-wallet.y5xu8c7q.tk/wallet/wsyx3t8c.php,1
https://amazon.in@54x1i5482.cam/wallet,1
http://billing-paypal-yvm19.tk:8080/qxr2cs16uurt,1
http://iciciwallet71.cam/wp-content/r9jk68/wallet%2Fc0y2y%3Db8qv,1
https://coursera.org/watch?v=vgzsxjzvuv3,0
http://microsoft.com/about,0
http://youtube.com/wiki/travel,0
http://96.138.116.125/sbi/support.html,1
https://medium.com/docs/getting-started,0
http://bit.ly/pt1h3jw,1
http://signin-microsoft-63dc0.cam:8080/vsvits03l38g,1
https://reddit.com/wiki/travel,0
https://python.org/user/science/profile,0
https://wikipedia.org/products/item-897,0
https://apple.com/about,0
http://hdfcbank.com/docs/getting-started,0
http://sbiconfirm82.xyz/wp-content/1uxf45/confirm%2Fx0ley%3D2wz6,1
http://login-hdfc-pfxmb.cam:8080/esb2lcrz3rj4,1
https://www.wikipedia.org/docs/getting-started,0
http://microsoft-support.ty40qculv.icu/support/uksvzoot.php,1
https://www.amazon.in/category/history/page/311,0
http://sbiconfirm33.ga/wp-content/abbkaz/confirm%2Fjmwn2%3Dk83m,1
http://netflixaccount84.click/wp-content/t0ix1s/account%2Fstcfh%3Dd82p,1
http://amazonsignin13.xyz/wp-content/fa4afm/signin%2F3mhpd%3Dpu94,1
https://www.mit.edu/user/music/profile,0
http://youtube.com/search?q=recipes,0
https://nasa.gov/about,0
https://stackoverflow.com/search?q=health,0
https://medium.com/about,0
http://194.164.144.4/apple/secure.html,1
https://flipkart.com@va0y0wliw.work/update,1
http://99.15.160.50/netflix/verify.html,1
https://www.irctc.co.in/watch?v=tvq05pxt6ri,0
http://appleaccount77.click/wp-content/79yrbo/account%2Fn403k%3Df63r,1
http://python.org/user/travel/profile,0
http://amazon-account.ilnpt95x.ml/account/j3y1xc2i.php,1
https://www.stackoverflow.com/wiki/recipes,0
http://facebook-confirm.d3vigt.cf/confirm/6d97oie0.php,1
http://bit.ly/gcyew8y,1
http://96.114.85.242/sbi/support.html,1
https://wikipedia.org/about,0
https://zomato.com/about,0
https://www.microsoft.com/watch?v=ch2vffqot8h,0
https://python.org/watch?v=nn0mcixdu1e,0
https://www.apple.com,0
http://paypal.wallet.8s2wcz.nytimes-g19q.tk/index.php?user=guy2n3&token=nfc37v80yn4o5u58pdd8,1
http://icici-confirm.7kl9i.tk/confirm/ntuo1r35.php,1
https://youtube.com/blog/2024/python,0
https://google.com/user/travel/profile,0
http://paypal-wallet.m3bcox.icu/wallet/z0oic67w.php,1
https://www.swiggy.com/help/contact,0
https://www.medium.com/help/contact,0
http://google-billing.bdxbdehh.click/billing/d8wxqbil.php,1
http://15.212.148.15/amazon/support.html,1
http://python.org/products/item-249,0
http://hdfc-billing.klyrsoava.top/billing/6fbf4fkk.php,1
http://amazon.in/blog/2024/travel,0
https://microsoft.com@oki5blw4o.tk/signin,1
https://nytimes.com/,0
https://www.python.org/wiki/sports,0
https://python.org/help/contact,0
http://netflix-support.nx0h6vy9rx.top/support/42rr3db2.php,1
http://wikipedia.org/blog/2024/health,0
http://python.org/products/item-150,0
https://zomato.com/products/item-357,0
http://paypal-account.gj8yswv.ga/account/20k9jx42.php,1
http://amazon.confirm.v4qlje.irctc.c-sa12.ml/index.php?user=mesq79&token=0von8pvwjazq4x55pb4w,1
https://www.google.com/help/contact,0
https://www.zomato.com/category/python/page/989,0
https://irctc.co.in/docs/getting-started,0
https://wikipedia.org/blog/2024/music,0
http://bbc.co.uk/,0
http://amazon-wallet.dvgoni9.icu/wallet/hilznkq5.php,1
http://hdfcbank.com/user/music/profile,0
http://amazonsignin7.cam/wp-content/1y6zuo/signin%2Feyhcx%3Dtr69,1
https://coursera.org@wfjrbnvl0.cam/update,1
http://support-google-bkski.top:8080/19ur8nzjee1b,1
http://wikipedia.org/,0
http://bit.ly/4v8z3nd,1
http://wallet-google-s0q7o.top:8080/c0qpdxxsykqv,1
https://www.nasa.gov/category/recipes/page/465,0
http://googlewallet59.zip/wp-content/x2yp7v/wallet%2Fnsgol%3Dcbtl,1
http://amazon.login.a7o7mm.mit-27nl.ml/index.php?user=s4szxq&token=1k1qrrn5n5ehq403ivwa,1
http://linkedin.com/products/item-239,0
http://microsoft.account.5axtvd.bbc.c-qtcd.icu/index.php?user=21w2kj&token=nvfom3vqriqye1sofpvo,1
https://www.google.com/,0
http://sbisignin2.top/wp-content/na623b/signin%2Fr3d71%3Deezu,1
https://www.flipkart.com/watch?v=p1noqu9y3z2,0
http://irctc.co.in/about,0
https://youtube.com/help/contact,0
http://billing-apple-apb0d.zip:8080/f56tizankumy,1
http://confirm-apple-hkjf0.tk:8080/u2rup7fahiap,1
http://applebilling28.top/wp-content/8rsrkp/billing%2Fvi2c7%3Drwe9,1
http://facebookbilling98.ga/wp-content/znrkr1/billing%2Fsvohu%3D7cfw,1
http://paypal.billing.5fl0xa.bbc.c-6q73.ga/index.php?user=smql2t&token=ber5xej2vbqkuw37j9gg,1
http://netflix.account.tlvajn.who-3t8a.ga/index.php?user=gedxqw&token=bmj6v9ic8haj0irsc965,1
http://icicibilling10.top/wp-content/4h8ir6/billing%2F0mdx1%3Dzr99,1
http://apple.com/blog/2024/sports,0
https://who.int/category/sports/page/309,0
http://google.verify.lw4qrw.flipkart-04a8.zip/index.php?user=pmsy5y&token=pc7syr7s9r37v3869ojr,1
http://21.6.52.237/netflix/wallet.html,1
http://bit.ly/blqwxw0,1
http://google-support.dva3pqpy.cf/support/h5h2o5lt.php,1
http://microsoftsignin70.click/wp-content/bw2p5j/signin%2Fg6v39%3Dhmcr,1
http://python.org/docs/getting-started,0
https://swiggy.com/wiki/games,0
http://71.184.189.68/apple/signin.html,1
http://136.202.252.169/apple/signin.html,1
http://bit.ly/0dn952b,1
https://sbi.co.in/watch?v=4ffyvnvqjt7,0
https://www.stackoverflow.com/search?q=recipes,0
https://medium.com,0
http://26.191.0.109/sbi/support.html,1
http://apple-signin.hfepydbs.cf/signin/iwfviucl.php,1
http://hdfc.signin.mirxc5.amazo-l1p1.tk/index.php?user=dhdgdl&token=tggd08kimgkar9owslk0,1
https://zomato.com,0
http://googleaccount63.xyz/wp-content/sj64yw/account%2F5r1f5%3Dbf7p,1
https://bbc.co.uk,0
http://facebooksecure82.tk/wp-content/nd9y7u/secure%2F6ua2y%3Dy3hb,1
http://microsoft-account.agt3jw319w.work/account/ni6g8e24.php,1
https://www.apple.com/category/finance/page/109,0
http://nasa.gov/docs/getting-started,0
https://stackoverflow.com/category/finance/page/763,0
http://paypal.verify.ao4mlv.swiggy-w0xl.work/index.php?user=75r2ze&token=hkbicicdbpu4d4niv12d,1
http://google-update.6wbm8mik.ga/update/m85npge9.php,1
http://96.104.103.43/sbi/update.html,1
http://verify-amazon-vdow6.icu:8080/jfpy772a8709,1
http://bit.ly/bfrjsjj,1
https://medium.com@wsxq9s7lk.click/secure,1
https://mit.edu@rfkrkn887.cf/support,1
http://215.133.229.27/google/verify.html,1
https://www.flipkart.com/category/python/page/746,0
http://coursera.org/products/item-944,0
http://applewallet87.zip/wp-content/6tvqui/wallet%2Fltemr%3Dqp94,1
http://facebooksecure48.xyz/wp-content/7kzb5f/secure%2Fw1duh%3Dbx6a,1
http://84.237.146.62/sbi/login.html,1
http://amazon-login.g281vfubo3.icu/login/v1l0bzip.php,1
https://www.microsoft.com/products/item-851,0
https://www.wikipedia.org,0
http://microsoft-signin.yexz9zge.work/signin/gg4jys2z.php,1
http://flipkart.com/about,0
http://bbc.co.uk/wiki/games,0
http://bit.ly/zgjvb2y,1
https://www.bbc.co.uk/docs/getting-started,0
http://microsoft-verify.t4brp40q.zip/verify/ne2s9jzl.php,1
http://sbi-verify.bj3kx.work/verify/010yxsd5.php,1
http://paypal.support.y0tr2z.nytimes-oygh.cf/index.php?user=vqizd8&token=2cudld5cxbbln1b5ou83,1
http://amazon.account.4iji93.swiggy-qpvb.work/index.php?user=xsm4ni&token=x4r5b92ha6elouqx0mul,1
http://bit.ly/wpzxs12,1
http://netflix-verify.h4jwq.tk/verify/v66n0tgi.php,1
http://login-hdfc-xrvnk.tk:8080/vw4mlqpeobhk,1
https://youtube.com/wiki/health,0
http://microsoftupdate87.ga/wp-content/qdveab/update%2F7u7gf%3D1384,1
https://coursera.org/,0
https://zomato.com/watch?v=18gsvpi2jon,0
http://sbi.support.qccgzd.python-qyhg.xyz/index.php?user=i2g217&token=a5jkulc5l36ug4zifgyo,1
https://wikipedia.org/category/recipes/page/750,0
http://netflix.secure.hwgmi1.flipkart-8mry.cf/index.php?user=kn8a28&token=0x30f0q8rl6ab6bhagdf,1
https://www.python.org/,0
http://netflix-secure.jqoq0wtgxy.icu/secure/7in1r6x8.php,1
https://reddit.com/watch?v=5o2nqw4c6lb,0
http://coursera.org/category/finance/page/189,0
http://netflix-secure.gl3tkq.cf/secure/vxcrlgfr.php,1
http://login-hdfc-xkup5.ml:8080/gsu572f08d28,1
https://amazon.in/user/music/profile,0
https://coursera.org/category/laptop/page/996,0
https://coursera.org@dmj9ixs6l.ga/confirm,1
http://204.231.89.90/microsoft/billing.html,1
https://apple.com/search?q=travel,0
http://apple-account.wc6g4y3cxl.cf/account/lj0vgwgr.php,1
http://104.133.78.237/sbi/signin.html,1
https://github.com,0
http://hdfc-confirm.mh7lm2.tk/confirm/lw7zrtqj.php,1
https://flipkart.com@lyo0su0r7.top/signin,1
http://netflix-secure.6elqsj2.ga/secure/qs9d3r30.php,1
https://zomato.com@3mn9x6gtx.click/verify,1
http://netflix.verify.46pl5n.wikipedia-dnre.work/index.php?user=hu2m6n&token=wmufgyn53kbh423l90mc,1
https://medium.com/docs/getting-started,0
http://microsoft-account.w4se9dn.tk/account/1nzih5kc.php,1
https://flipkart.com/wiki/health,0
http://zomato.com/products/item-334,0
https://stackoverflow.com,0
https://bbc.co.uk/blog/2024/recipes,0
http://iciciwallet51.ga/wp-content/l71r2v/wallet%2Fo8phn%3Dck5q,1
https://www.github.com/products/item-984,0
http://bit.ly/d1bx6az,1
http://bit.ly/m17ymed,1
http://microsoft-account.bu2j085.icu/account/rhcjtdak.php,1
https://www.irctc.co.in/docs/getting-started,0
http://sbi-billing.z6r5cqm24.ga/billing/bihb24ay.php,1
http://bit.ly/smdke87,1
https://google.com/,0
https://mit.edu/products/item-759,0
https://nytimes.com,0
https://www.amazon.in/blog/2024/games,0
http://81.74.64.59/amazon/signin.html,1
http://sbisupport26.zip/wp-content/knqufe/support%2Fucxsm%3D72uj,1
http://40.122.166.36/hdfc/account.html,1
https://nytimes.com@m4dy99o3u.cam/secure,1
http://google.com/watch?v=o1kjwv2qnrm,0
http://google.update.youge4.medium-laef.icu/index.php?user=zdkbb6&token=xzp9ssowtyfg2exqy886,1
https://medium.com@pv6wbxj72.work/update,1
https://linkedin.com/watch?v=i1rd31tb051,0
https://irctc.co.in@hanhdt4rk.click/signin,1
http://flipkart.com/,0
http://bit.ly/cmn3dn1,1
https://nytimes.com/wiki/laptop,0
https://nytimes.com@4lmjrjpff.top/signin,1
https://flipkart.com@s2xo7xoch.icu/confirm,1
https://reddit.com/user/laptop/profile,0
http://linkedin.com/help/contact,0
https://hdfcbank.com/wiki/recipes,0
http://facebook.verify.b8e9uf.reddit-rmao.work/index.php?user=5xxy6w&token=khvpp55u1r8a5j8ur63n,1
http://apple.com/wiki/travel,0
https://www.stackoverflow.com/products/item-162,0
http://amazon.in/help/contact,0
https://nasa.gov,0
http://bit.ly/y4k1nid,1
https://www.linkedin.com/,0
http://paypal.secure.9cwqq2.bbc.c-gcuu.icu/index.php?user=54heag&token=lrhhkdocba4aakhin8qk,1
https://zomato.com@drwf5ebze.zip/billing,1
http://167.169.33.181/sbi/login.html,1
http://microsoft.verify.zvvjqr.coursera-6w5b.xyz/index.php?user=2dxub4&token=9ozo13jf46de7kios320,1
http://162.196.208.85/icici/account.html,1
http://netflix.update.xcmlzt.nytimes-niix.ga/index.php?user=1sknxd&token=6zmbytjptvh31a2mf3g1,1
http://microsoft-confirm.t71wb0b.ga/confirm/jhppipg6.php,1
https://zomato.com@6u0m2v0mw.top/signin,1
https://www.zomato.com/products/item-576,0
http://nasa.gov/products/item-220,0
http://117.55.190.73/hdfc/verify.html,1
https://medium.com/user/games/profile,0
https://apple.com/wiki/travel,0
http://google-verify.yjxm8o.work/verify/g996jlul.php,1
http://netflixconfirm35.ml/wp-content/73puws/confirm%2Fxvti2%3Dv0zs,1
http://bit.ly/41ns6cw,1
http://facebook.confirm.aum2kn.nasa-xhqs.cam/index.php?user=hb0dx0&token=87nny9mo2hzg8h7quvcy,1
https://microsoft.com@r6h2u8v7l.work/confirm,1
https://swiggy.com@imux73a4r.icu/secure,1
http://secure-sbi-g6bx0.ml:8080/nwkq4ksd9gao,1
http://icici.signin.vqbrw3.flipkart-0jpo.ga/index.php?user=94i4mw&token=na3mirb5rqbu0e2d5219,1
https://amazon.in/products/item-991,0
https://hdfcbank.com/products/item-513,0
http://appleupdate53.tk/wp-content/y61jze/update%2Fklejv%3Dgify,1
https://hdfcbank.com@cp8fp1k8r.click/wallet,1
http://bit.ly/l9u0u83,1
http://bbc.co.uk/about,0
https://apple.com/user/laptop/profile,0
http://hdfc.login.fmzdy8.nytimes-84de.tk/index.php?user=hnsb02&token=lnnw139mxfgbl0m3i168,1
https://who.int,0
http://flipkart.com/watch?v=bvpy8crin0x,0
http://222.53.39.209/netflix/verify.html,1
http://72.113.122.27/paypal/account.html,1
http://bit.ly/zr8mezr,1
http://apple.confirm.9vaxcz.mit-ii0u.click/index.php?user=gpkakr&token=itgfjmhdnbrqit4j0sgq,1
http://112.81.26.118/netflix/support.html,1
http://45.99.177.143/amazon/login.html,1
http://microsoft.update.7j0znr.zomato-3fdj.top/index.php?user=2qsvlc&token=5aalirpdgz2sc0t8dhdd,1
https://zomato.com@5ufk8ulid.ml/confirm,1
https://www.linkedin.com/products/item-188,0
http://45.140.49.128/apple/wallet.html,1
http://68.90.135.149/hdfc/update.html,1
https://www.who.int/search?q=travel,0
http://108.245.90.135/sbi/wallet.html,1
http://microsoft.account.m0gaka.sbi.c-635g.zip/index.php?user=w8lu3t&token=glzlm5vuq419943un69y,1
https://amazon.in@yaj1wr892.xyz/login,1
https://linkedin.com@0mv6w2jgz.icu/wallet,1
http://google.account.68bni9.linkedin-f7p9.cf/index.php?user=jp50eo&token=zorxvjm171k1ym2j9nvt,1
http://201.169.32.47/google/support.html,1
https://sbi.co.in/user/games/profile,0
http://microsoft.login.0e0r3j.sbi.c-1ow0.cam/index.php?user=o2nxvg&token=17tg5sfta1sfnb6sp0y3,1
http://139.64.216.92/amazon/secure.html,1
http://58.120.222.81/paypal/signin.html,1
https://www.wikipedia.org/user/travel/profile,0
http://netflixverify5.cam/wp-content/ce5oh7/verify%2F49p1z%3Drtu4,1
http://amazonaccount65.ga/wp-content/5bo812/account%2F41uwn%3Dzaf9,1
https://nytimes.com/search?q=sports,0
http://bit.ly/pj0i9wk,1
https://mit.edu/blog/2024/music,0
http://microsoft-update.v9nxbv30.zip/update/bmzw7539.php,1
https://www.linkedin.com/help/contact,0
https://coursera.org/help/contact,0
https://www.nytimes.com/docs/getting-started,0
http://217.115.204.161/hdfc/support.html,1
http://amazonbilling95.top/wp-content/n8l0uw/billing%2F6ik20%3D9ei8,1
https://www.hdfcbank.com/help/contact,0
http://mit.edu/products/item-434,0
https://microsoft.com@lq93bvmy7.click/support,1
https://www.hdfcbank.com/blog/2024/games,0
http://123.123.191.204/paypal/verify.html,1
https://www.coursera.org/watch?v=rl9qfcpk7pw,0
http://google.update.gfm9nr.google-15k9.icu/index.php?user=45y9kg&token=mfvf3nys3uui5xbof8yh,1
https://bbc.co.uk@ynr9155p1.cam/wallet,1
https://www.swiggy.com/help/contact,0
http://google.signin.e13gt2.irctc.c-h4l1.cam/index.php?user=m3tfqc&token=oweevx3ny6vpasgpagi3,1
https://amazon.in/,0
https://sbi.co.in/about,0
https://irctc.co.in/help/contact,0
http://netflix-wallet.dne1n.top/wallet/6wvofvdj.php,1
http://sbi.wallet.27j432.stackoverflow-r20u.click/index.php?user=wqd6yn&token=5gl0jn6my7vzu88hlnia,1
http://facebook.wallet.99papk.hdfcbank-whm2.tk/index.php?user=4n2gpz&token=v1417h80qhmrforgc4at,1
http://11.62.7.207/google/account.html,1
http://175.234.214.244/netflix/billing.html,1
https://youtube.com/about,0
http://account-microsoft-613rm.xyz:8080/6zgevm4oi6w6,1
https://coursera.org/watch?v=oz7qmjcento,0
http://icici.verify.injv5s.swiggy-hhw9.ml/index.php?user=in05os&token=tmg345k5dj3rzql0h5qq,1
https://irctc.co.in/docs/getting-started,0
http://hdfc.secure.3q95ep.reddit-cc1p.cam/index.php?user=7xhz2f&token=dnptwefkf4hn6mgwnomf,1
http://icici.support.ydxis1.github-425w.tk/index.php?user=j0y17v&token=z2qz9d46kt79aaxn45jo,1
https://www.wikipedia.org/wiki/sports,0
http://bbc.co.uk/blog/2024/music,0
http://netflixbilling74.zip/wp-content/mvnfkm/billing%2Fnau24%3D5mrt,1
https://hdfcbank.com/category/laptop/page/386,0
https://sbi.co.in@qc2e4of4w.cf/login,1
https://who.int/user/games/profile,0
https://youtube.com@ntwxwqqih.ga/support,1
https://apple.com@k5b8sntht.ml/login,1
http://amazon-update.ywcybo.work/update/1y97jyla.php,1
https://nytimes.com/watch?v=xyytuw6taq6,0
http://bit.ly/cgs5wj0,1
http://signin-microsoft-1ug82.ml:8080/z8exrclic6b0,1
http://sbi-confirm.hwstwyr.icu/confirm/vmww3szy.php,1
http://148.3.103.206/icici/secure.html,1
https://reddit.com/about,0
https://wikipedia.org@85gscmnuu.cam/confirm,1
http://sbi.co.in/watch?v=hz3e88seby8,0
https://www.hdfcbank.com/,0
https://youtube.com/blog/2024/music,0
http://hdfc-login.qw1hukb6mx.tk/login/z1yj74q7.php,1
https://github.com/user/history/profile,0
https://hdfcbank.com/search?q=health,0
http://193.249.80.211/paypal/login.html,1
https://coursera.org/about,0
https://stackoverflow.com/search?q=history,0
http://62.190.99.225/paypal/signin.html,1
http://211.246.58.96/icici/update.html,1
https://www.wikipedia.org/watch?v=z4qt7zvnbi1,0
http://facebooklogin12.cam/wp-content/yfb8cx/login%2F9xscn%3Dkl4z,1
https://hdfcbank.com/help/contact,0
https://medium.com/products/item-859,0
http://google.secure.hjc5ys.google-oxc0.ml/index.php?user=vvklq0&token=xjlar90escdcowdxcj19,1
http://medium.com/products/item-814,0
http://microsoft-confirm.offc54.icu/confirm/w7rpnkgd.php,1
http://irctc.co.in/docs/getting-started,0
https://linkedin.com/blog/2024/music,0
https://zomato.com/search?q=sports,0
https://amazon.in@fjpz42q8b.ml/billing,1
https://stackoverflow.com/watch?v=xf7kzorqqfg,0
http://irctc.co.in/search?q=finance,0
https://amazon.in@4alv0lxjv.icu/update,1
http://47.31.75.46/sbi/wallet.html,1
https://who.int/blog/2024/finance,0
http://bit.ly/k5z9rvk,1
http://sbi.co.in/category/history/page/321,0
http://114.206.118.122/icici/confirm.html,1
https://flipkart.com/about,0
https://microsoft.com/wiki/travel,0
http://icici.billing.fzrdix.amazo-bv50.icu/index.php?user=m3nvyx&token=9t80sujckuh1dl1zl8g0,1
https://who.int@pncsqc2vd.click/billing,1
http://irctc.co.in/,0
https://google.com/wiki/news,0
http://nasa.gov/,0
http://amazonsupport42.cam/wp-content/4fggw1/support%2Fjyk82%3D0pzt,1
https://reddit.com/watch?v=pz6ntpbpzcd,0
http://bit.ly/qmn7d92,1
http://reddit.com,0
http://188.124.172.110/paypal/wallet.html,1
http://update-amazon-dbnhl.cf:8080/h3t0eyg8cn0c,1
https://reddit.com/blog/2024/laptop,0
http://191.51.181.76/hdfc/update.html,1
https://hdfcbank.com/watch?v=hhe7icdo5di,0
http://bbc.co.uk/blog/2024/sports,0
https://microsoft.com@7417pz4m6.ga/wallet,1
http://bbc.co.uk/about,0
https://www.apple.com/about,0
http://stackoverflow.com/search?q=games,0
https://linkedin.com@llgrcutre.cam/secure,1
http://microsoft-confirm.t6gxn.tk/confirm/yt2goi8s.php,1
http://medium.com/docs/getting-started,0
http://amazonconfirm93.icu/wp-content/9z04q3/confirm%2Fqtmay%3Dmywc,1
https://sbi.co.in/wiki/games,0
http://applebilling55.cf/wp-content/i46hdv/billing%2F8i969%3Dsfi3,1
https://microsoft.com@9onsrhdvn.zip/support,1
http://bit.ly/b8nhoj7,1
http://69.238.246.235/icici/support.html,1
http://amazon-update.ondnb.click/update/hndvo02m.php,1
http://bit.ly/9yj42dv,1
http://wallet-netflix-7cuwb.click:8080/3eshhetzxa3s,1
http://114.199.219.245/microsoft/billing.html,1
https://linkedin.com/about,0
https://www.medium.com/category/sports/page/138,0
http://microsoft.com/docs/getting-started,0
http://bit.ly/8z44j9l,1
http://medium.com/category/history/page/134,0
https://hdfcbank.com/category/science/page/374,0
http://billing-amazon-thscw.click:8080/d7x2n8lytg2o,1
http://apple-wallet.7zvd8h3c.cf/wallet/hufeu71j.php,1
http://google.com/,0
http://amazon.in/category/finance/page/481,0
http://hdfc.confirm.a5k8xe.bbc.c-inix.cam/index.php?user=wkp748&token=ffoywwadsq32ql5g0trh,1
http://microsoft.login.6pzezw.medium-448m.cam/index.php?user=46h4ah&token=5ktartw3fh72nmce4pev,1
https://irctc.co.in/category/history/page/232,0
http://100.45.60.203/netflix/verify.html,1
http://icici.support.9hgrp1.wikipedia-h0ce.zip/index.php?user=ci1zsm&token=h12gk0h2k1l2kszipshy,1
https://who.int/search?q=finance,0
http://google.com/category/travel/page/970,0
http://icicibilling31.work/wp-content/05s34c/billing%2Fgspfr%3Dj2nw,1
https://bbc.co.uk/products/item-550,0
http://googlesecure14.xyz/wp-content/tgshxm/secure%2F42yvk%3Dlu1e,1
http://99.220.58.209/microsoft/verify.html,1
https://mit.edu/products/item-529,0
http://amazon.account.7mhek9.swiggy-l1g2.cf/index.php?user=undquh&token=7icpl6rmx1vzap3oe23s,1
http://paypal-login.esvtyj.xyz/login/icvrd7m1.php,1
http://flipkart.com/about,0
https://python.org/docs/getting-started,0
http://53.95.117.223/microsoft/update.html,1
https://nytimes.com/wiki/recipes,0
http://google.com,0
https://zomato.com/,0
https://reddit.com@1scaft81o.cf/verify,1
http://bit.ly/4qyo3um,1
https://google.com/watch?v=e9ny3mub6lb,0
http://icicilogin22.tk/wp-content/7hzz4g/login%2Fw43ki%3Djknq,1
https://www.mit.edu/search?q=travel,0
https://nytimes.com/wiki/health,0
http://bit.ly/lrx02uq,1
https://irctc.co.in/search?q=games,0
https://sbi.co.in/blog/2024/recipes,0
http://stackoverflow.com/search?q=sports,0
http://117.154.175.20/apple/account.html,1
http://hdfcupdate12.top/wp-content/9n44fb/update%2Fv46mu%3D62oe,1
https://bbc.co.uk/search?q=finance,0
http://account-paypal-a6spz.icu:8080/d1skziol3qrd,1
https://bbc.co.uk,0
http://microsoft-support.vunxfamadg.zip/support/p56efiq0.php,1
https://irctc.co.in@o1bxmtbz6.cf/signin,1
http://paypal.support.c7r1qo.medium-wy42.ga/index.php?user=3pace2&token=f346zssjnj8th1pqua2f,1
http://microsoftsignin9.zip/wp-content/k6cmws/signin%2Fh0wfw%3Dojq4,1
http://amazonupdate49.xyz/wp-content/akuxdr/update%2Fh4k4j%3Dken2,1
http://facebook.secure.m5qm2j.stackoverflow-pki4.zip/index.php?user=6ji5en&token=mmpvckjmxcmhycsxf1ge,1
https://microsoft.com/help/contact,0
https://reddit.com/about,0
http://facebook.support.8d0h6r.sbi.c-qmy2.icu/index.php?user=au1w14&token=n53jr8s1yktj82is1qp5,1
https://coursera.org/,0
https://stackoverflow.com/category/laptop/page/355,0
https://www.google.com/user/sports/profile,0
http://bit.ly/54ed6lo,1
http://microsoft.com/blog/2024/health,0
https://bbc.co.uk/category/news/page/217,0
http://microsoft.wallet.ilhbi6.hdfcbank-vs01.ga/index.php?user=wxpxn2&token=tej0u0vgdr1gx1doc5hw,1
http://microsoft.update.7g0abg.wikipedia-gs59.top/index.php?user=ymzy6e&token=kdkfordclvfd4pi4se4k,1
https://hdfcbank.com/category/games/page/652,0
http://googleconfirm98.icu/wp-content/fsv5q4/confirm%2Ffiupq%3Dkpnn,1
https://www.microsoft.com/user/recipes/profile,0
http://175.207.202.191/netflix/billing.html,1
http://216.14.183.57/netflix/update.html,1
https://www.sbi.co.in/user/laptop/profile,0
http://google.verify.13ly4q.mit-ttoh.top/index.php?user=9jv8a6&token=m66szvetc543ev6nz81x,1
https://github.com/blog/2024/travel,0
http://sbi.secure.jm9cuu.reddit-a26q.top/index.php?user=ex3zl3&token=fuht4lg5hu63rxwmdv10,1
https://www.flipkart.com/category/news/page/408,0
https://linkedin.com,0
https://coursera.org/,0
https://zomato.com/docs/getting-started,0
https://stackoverflow.com/docs/getting-started,0
http://billing-paypal-90nlu.ga:8080/6h2fow2nu7ji,1
https://google.com/blog/2024/news,0
https://sbi.co.in/about,0
https://swiggy.com/help/contact,0
https://python.org/wiki/sports,0
http://208.97.175.238/amazon/account.html,1
http://google-wallet.05z25wvhcl.top/wallet/v01u6c2h.php,1
https://python.org@1dkf84qyu.ga/update,1
https://www.mit.edu,0
https://zomato.com/products/item-529,0
http://14.175.96.149/hdfc/wallet.html,1
https://sbi.co.in/about,0
https://medium.com/help/contact,0
http://mit.edu/help/contact,0
http://netflixbilling9.ga/wp-content/20fe51/billing%2Ft2kla%3Duiai,1
http://billing-paypal-2j2cg.cam:8080/q7af9vhu7akh,1
http://156.76.124.180/microsoft/billing.html,1
https://youtube.com@73ozrblh7.click/support,1
https://linkedin.com,0
https://who.int/search?q=recipes,0
http://signin-hdfc-apr4w.tk:8080/gdfkssuxdoub,1
http://wallet-apple-mg5sv.xyz:8080/sa4uu3wv1so2,1
https://bbc.co.uk,0
https://irctc.co.in/docs/getting-started,0
http://131.185.7.130/netflix/update.html,1
https://stackoverflow.com/search?q=science,0
http://hdfcconfirm26.top/wp-content/rsvh4g/confirm%2F2j53m%3Dxywr,1
https://www.youtube.com/category/games/page/715,0
https://zomato.com/wiki/laptop,0
https://microsoft.com/about,0
https://www.irctc.co.in/help/contact,0
http://bit.ly/vv0kk1r,1
http://medium.com/,0
http://sbi.co.in/user/laptop/profile,0
https://medium.com/watch?v=3hhigvummwc,0
http://hdfc.support.9dvely.swiggy-i90m.icu/index.php?user=b0orr5&token=sr5et3h7psxmdx52f7gf,1
https://www.reddit.com/help/contact,0
https://youtube.com/watch?v=lzw1fu5x012,0
http://github.com/blog/2024/news,0
https://linkedin.com,0
http://verify-paypal-fasem.click:8080/uhjqmqu4hksh,1
http://48.52.161.90/apple/billing.html,1
https://sbi.co.in,0
http://google.support.t8d610.bbc.c-8cjn.ml/index.php?user=jz9g6d&token=vnq49440dclqgdd0dilx,1
http://152.233.25.181/netflix/billing.html,1
https://amazon.in/user/health/profile,0
https://wikipedia.org/,0
http://hdfc-support.7yghb9nh3.ml/support/pf34hh4w.php,1
http://amazonsecure18.cam/wp-content/1d3jjh/secure%2F1wbvr%3D6cuh,1
https://swiggy.com/category/health/page/976,0
http://sbi-signin.78go9ebicn.top/signin/9nclygep.php,1
https://www.irctc.co.in/user/games/profile,0
http://stackoverflow.com/help/contact,0
https://mit.edu/products/item-95,0
http://microsoft.confirm.udqd6o.stackoverflow-myu2.cf/index.php?user=u5vgz3&token=8m7d53iibfw09xlgkqgz,1
http://account-google-l1t4n.cam:8080/b5go04stis5n,1
https://github.com@l5m5loipz.click/login,1
https://www.microsoft.com/user/python/profile,0
http://nasa.gov/blog/2024/history,0
https://google.com/user/finance/profile,0
https://wikipedia.org/about,0
http://update-microsoft-mb4ez.ga:8080/bn8h8s3p2vw8,1
http://swiggy.com/search?q=health,0
http://sbi-account.wqthrg.ml/account/uewhwf6y.php,1
https://mit.edu@qqt0ygscp.cam/wallet,1
http://microsoftconfirm20.xyz/wp-content/k0nlyd/confirm%2Fjixl7%3Dvsky,1
http://sbi.wallet.mmdfbh.medium-ae21.xyz/index.php?user=761j03&token=45zyrdb14jujum3ay4l6,1
http://login-apple-tt7f1.ml:8080/up4phfaxi1s9,1
http://paypal-support.720njaaa.cam/support/yjzevbds.php,1
https://hdfcbank.com/,0
http://google-login.u0zq3g.cf/login/0rrsxqsa.php,1
http://facebook.account.uhu4aa.github-vpzv.tk/index.php?user=imcdnx&token=hba14cazdyo04lyyexbv,1
https://swiggy.com@vk4wyziqo.click/secure,1
http://amazon.in/,0
https://www.hdfcbank.com/products/item-592,0
http://icicisupport46.top/wp-content/f08isg/support%2Fazljq%3Drjdo,1
http://account-sbi-x8ub1.top:8080/sb7ac6dk57ic,1
https://who.int@vdeycznyc.tk/confirm,1
https://reddit.com/about,0
https://linkedin.com@uqvl7erdt.cam/account,1
http://bit.ly/s859txa,1
http://bit.ly/orblb8t,1
https://www.stackoverflow.com/about,0
https://swiggy.com/blog/2024/science,0
http://bit.ly/xpfsltj,1
https://microsoft.com/,0
https://github.com/user/news/profile,0
https://amazon.in/docs/getting-started,0
https://hdfcbank.com/docs/getting-started,0
http://hdfc.login.lmmvh7.reddit-hw3g.xyz/index.php?user=m7q6lf&token=j18lm6s0ziuq6qbdo8t8,1
https://hdfcbank.com/about,0
http://facebook-login.qbheyysm4y.icu/login/yq342dyq.php,1
https://www.amazon.in/blog/2024/science,0
https://sbi.co.in/about,0
https://www.swiggy.com/,0
http://205.100.63.162/amazon/update.html,1
http://bit.ly/ots98iz,1
https://www.nytimes.com/help/contact,0
http://microsoftconfirm65.cf/wp-content/m4fsho/confirm%2Fhsv5c%3Dvm8t,1
https://python.org/user/recipes/profile,0
https://who.int@ixdi0qiv5.work/signin,1
http://83.145.205.207/facebook/login.html,1
http://bbc.co.uk/blog/2024/science,0
https://who.int/help/contact,0
http://update-microsoft-ht3ie.zip:8080/68po55qy6orr,1
https://microsoft.com/help/contact,0
http://bit.ly/yx7x5pv,1
https://flipkart.com/products/item-75,0
http://iciciconfirm97.work/wp-content/iylx2c/confirm%2Frl39y%3Dr8h9,1
http://netflix.login.mg2pu2.python-n1f3.icu/index.php?user=2l0fi8&token=z573vf80jg2yjj5pobd8,1
http://hdfc-wallet.pq4rv92.click/wallet/3uv15cf8.php,1
https://github.com/search?q=python,0
https://github.com/blog/2024/news,0
https://medium.com@vvqfn0izh.click/confirm,1
https://youtube.com/watch?v=fp8hqmabsi9,0
http://microsoft-signin.rjav6n.work/signin/icd23v4x.php,1
http://sbiwallet95.tk/wp-content/0rillp/wallet%2Fgey18%3Djseu,1
https://linkedin.com/blog/2024/travel,0
https://python.org/blog/2024/python,0
https://amazon.in/about,0
http://sbi.co.in/blog/2024/history,0
https://microsoft.com/user/health/profile,0
https://www.mit.edu/about,0
https://www.sbi.co.in/,0
http://46.219.34.90/paypal/wallet.html,1
https://sbi.co.in/user/games/profile,0
http://google-verify.52dy73.work/verify/9kq5f7ux.php,1
http://netflix-signin.8nzf94e82x.xyz/signin/eu74s5tr.php,1
http://facebook-account.zsn0wzu.icu/account/wtqh6jxr.php,1
https://www.python.org/watch?v=nyxtxmgtt0i,0
http://icici.billing.js407e.amazo-d6nw.tk/index.php?user=tv79bk&token=e94xqfkxm9puwcf6hd1q,1
https://flipkart.com/user/music/profile,0
http://google.com/user/python/profile,0
https://linkedin.com@9j5rwhhi4.top/confirm,1
https://sbi.co.in/search?q=music,0
http://bbc.co.uk/docs/getting-started,0
http://google.verify.w683o3.amazo-rvg5.cam/index.php?user=529rrp&token=bl64lfqajgojcvj0s121,1
https://medium.com@m2ubal0j2.work/account,1
https://flipkart.com@sdqe3nhwv.click/update,1
http://paypal.login.w1hgw5.amazo-alnz.ml/index.php?user=z70nfs&token=vn20py43vv1hbycts1tt,1
https://www.python.org/user/health/profile,0
https://nytimes.com@8z79nk33a.ga/verify,1
https://bbc.co.uk,0
https://nytimes.com/user/finance/profile,0
https://hdfcbank.com/blog/2024/science,0
https://www.youtube.com/docs/getting-started,0
https://coursera.org/search?q=news,0
https://who.int,0
https://linkedin.com/category/music/page/129,0
http://bit.ly/eaabrpx,1
https://swiggy.com/watch?v=wcp779460kh,0
https://youtube.com/,0
http://coursera.org/category/health/page/804,0
https://microsoft.com@42ddkoxn4.xyz/signin,1
https://apple.com,0
http://bit.ly/fo1nnj5,1
http://58.26.115.120/sbi/wallet.html,1
https://swiggy.com@98onukkq6.xyz/wallet,1
http://billing-sbi-klnol.icu:8080/ba0x9a8f8bor,1
http://167.119.126.241/hdfc/verify.html,1
http://billing-sbi-f505o.cf:8080/j38ayix6xhgg,1
https://bbc.co.uk/search?q=travel,0
http://71.250.233.54/paypal/signin.html,1
https://www.wikipedia.org/docs/getting-started,0
https://www.stackoverflow.com,0
https://wikipedia.org@enm5un7d0.top/verify,1
https://stackoverflow.com/docs/getting-started,0
http://python.org/,0
https://www.medium.com/about,0
https://zomato.com/category/laptop/page/488,0
https://wikipedia.org/category/python/page/213,0
https://www.zomato.com/search?q=recipes,0
http://icici-support.yk9l1wd.top/support/x68c4nr1.php,1
https://python.org/,0
http://paypal-support.03v1n.top/support/pcyvu049.php,1
https://stackoverflow.com/,0
https://www.flipkart.com/search?q=science,0
http://paypalconfirm47.tk/wp-content/c46elj/confirm%2Fc2tr1%3D1anh,1
http://hdfcconfirm97.zip/wp-content/0krvc9/confirm%2F31zvw%3D07tt,1
https://who.int@izk7c5kb3.xyz/confirm,1
http://221.244.25.242/facebook/billing.html,1
https://amazon.in/,0
http://medium.com/watch?v=2nbfa37dl9f,0
http://microsoft.account.mnuf8z.github-hjey.tk/index.php?user=m4um75&token=w15mn6sc6xsgafcohbxx,1
http://nasa.gov/,0
http://paypal.update.7p72i8.nasa-5uvl.cf/index.php?user=yabzm3&token=6wkr38k2d0jzcbffbfl1,1
http://youtube.com/help/contact,0
https://medium.com/products/item-248,0
https://mit.edu,0
http://facebook.billing.0g2vor.flipkart-ox4r.top/index.php?user=oylqfs&token=da8980bt7rol7maytxla,1
https://swiggy.com/watch?v=slhu6l29il9,0
https://python.org/blog/2024/sports,0
http://account-paypal-m61is.tk:8080/vuccpugcgizz,1
https://www.medium.com,0
http://sbi.co.in/,0
https://amazon.in/watch?v=yb8z8trtm47,0
https://who.int/products/item-373,0
http://who.int/about,0
http://amazonconfirm55.ml/wp-content/tof1qr/confirm%2Ff87hk%3Dl19z,1
https://python.org/watch?v=4xjp7wzitmf,0
http://sbi.confirm.47xxa6.wikipedia-5p0f.icu/index.php?user=mtb02b&token=lcyqvaoo4116sgs5ttno,1
https://bbc.co.uk/,0
http://googleconfirm30.top/wp-content/cqtjvu/confirm%2F1iapk%3Dx52t,1
https://flipkart.com/watch?v=evl7fq8aby5,0
http://wikipedia.org/,0
http://apple.update.4nlx4f.hdfcbank-xnqd.icu/index.php?user=z98jhe&token=17o7pnud53qe5eeazvw7,1
https://www.python.org,0
https://mit.edu/docs/getting-started,0
https://zomato.com/category/finance/page/503,0
https://www.coursera.org/about,0
http://amazonlogin13.top/wp-content/xljk85/login%2Fjyyfk%3D31av,1
https://nytimes.com@1wjx3xyrg.work/account,1
https://apple.com/blog/2024/travel,0
https://youtube.com/,0
https://www.stackoverflow.com/products/item-313,0
https://www.hdfcbank.com/products/item-442,0
https://amazon.in/help/contact,0
https://nytimes.com/watch?v=sdn1mxf1pi2,0
https://python.org/about,0
http://paypal.support.g3fiml.github-oe3l.icu/index.php?user=3rd8l4&token=bv8wzjfxykmkcwnndls3,1
https://stackoverflow.com@pjqbtk0td.xyz/verify,1
https://www.irctc.co.in/wiki/laptop,0
http://mit.edu,0
http://wallet-facebook-79168.cf:8080/22xsjuil3psf,1
http://account-netflix-rr2ku.top:8080/2nnu8uy5mruo,1
http://amazonsignin59.xyz/wp-content/h34cuy/signin%2Fsg61v%3Dh0am,1
https://www.who.int,0
http://who.int/watch?v=1v127my89sf,0
http://166.32.21.46/hdfc/account.html,1
http://applesecure20.tk/wp-content/ktq5sm/secure%2Fvvbjb%3D1jve,1
https://coursera.org/about,0
http://facebook-update.y0whkyi1.ga/update/w8z6qt33.php,1
http://apple-login.q7geyv6n.ga/login/h44o9318.php,1
https://stackoverflow.com/products/item-407,0
https://google.com/blog/2024/python,0
https://linkedin.com@8hpby37ga.cf/wallet,1
http://apple.login.q6w51i.nasa-svqr.zip/index.php?user=5u83yg&token=mexf9lo4zzr8o9xs2s1s,1
http://sbilogin69.click/wp-content/57ote0/login%2Fq32rv%3D23u6,1
http://138.5.69.118/microsoft/login.html,1
https://github.com@sgop1sc62.work/verify,1
http://wikipedia.org/wiki/games,0
http://login-netflix-jnbzv.xyz:8080/fv991ac7wzyf,1
http://hdfc-login.k97ei.zip/login/9nx85j2s.php,1
http://bbc.co.uk/search?q=news,0
http://paypal-billing.bcbe98saox.icu/billing/7d0rzxaj.php,1
https://reddit.com@qla1g0r6w.icu/billing,1
http://amazonwallet19.icu/wp-content/h1rwlk/wallet%2Fgxhe6%3D8y1t,1
https://zomato.com/category/finance/page/432,0
http://sbi.login.axxm7y.wikipedia-tbwg.cf/index.php?user=bz13m9&token=npk2v014jponzv1v8pde,1
https://sbi.co.in@kor3a1i10.cf/account,1
https://nytimes.com/help/contact,0
http://179.221.0.44/facebook/wallet.html,1
https://www.nytimes.com/,0
http://nasa.gov/products/item-437,0
https://nytimes.com/products/item-175,0
https://www.linkedin.com/help/contact,0
https://medium.com@ivxsytp4j.cam/billing,1
https://www.coursera.org/wiki/science,0
http://paypalsignin95.tk/wp-content/1dz0ox/signin%2F2g8uc%3D7xh7,1
http://amazonaccount44.icu/wp-content/kr8ieu/account%2F122jn%3D86ta,1
https://www.medium.com/category/science/page/490,0
https://www.who.int/help/contact,0
http://stackoverflow.com,0
https://www.mit.edu/products/item-281,0
https://sbi.co.in/blog/2024/health,0
https://apple.com/search?q=travel,0
http://apple.support.n2v0ti.coursera-9isx.cf/index.php?user=uwvw1p&token=m77xvmezxleaycdy1q1e,1
https://www.linkedin.com/wiki/sports,0
http://wikipedia.org/search?q=sports,0
https://amazon.in/watch?v=mnavycs44ph,0
http://56.221.89.195/microsoft/billing.html,1
https://stackoverflow.com@r2tyzc5hs.ga/confirm,1
https://bbc.co.uk/user/finance/profile,0
https://www.github.com/about,0
https://coursera.org/user/music/profile,0
http://sbiconfirm9.xyz/wp-content/n6qwa5/confirm%2F3v2e5%3Dnb7u,1
https://google.com@re14jz4jk.click/support,1
https://www.medium.com/category/sports/page/934,0
https://irctc.co.in@glhc0dj96.cf/login,1
https://www.amazon.in/watch?v=umehcykjb85,0
http://microsoft.account.jol9gd.apple-n3sc.ml/index.php?user=sbllwn&token=ak2hopq0ux5pgem9iuyz,1
https://www.apple.com/watch?v=tf07gbasf5e,0
http://paypal-secure.ejh9j7mj.xyz/secure/qo1du7v8.php,1
http://swiggy.com/search?q=recipes,0
http://login-facebook-1p35z.xyz:8080/wqyt39uzc2pl,1
http://87.227.226.71/netflix/update.html,1
https://www.microsoft.com/about,0
https://www.reddit.com/products/item-466,0
http://62.217.136.44/amazon/billing.html,1
http://bit.ly/aj1bfhl,1
https://nasa.gov/docs/getting-started,0
https://nytimes.com/docs/getting-started,0
http://hdfc.login.90zm8j.linkedin-b3ww.tk/index.php?user=tqln9h&token=j67tm0zxo41oimjgz9au,1
https://apple.com/docs/getting-started,0
https://swiggy.com/blog/2024/recipes,0
http://bit.ly/gkosug8,1
http://netflixlogin50.click/wp-content/6ez96s/login%2Fjmhj6%3Dc6ab,1
http://google.com/blog/2024/travel,0
http://amazon-signin.8os23sbkp1.click/signin/l4wfxfmd.php,1
https://www.microsoft.com/products/item-584,0
https://www.microsoft.com/about,0
http://confirm-apple-6f776.tk:8080/1xs1cxdcwgk6,1
https://stackoverflow.com/,0
https://www.amazon.in/products/item-651,0
https://www.reddit.com/help/contact,0
http://applewallet4.tk/wp-content/ey6emd/wallet%2Ff3jph%3Dnb5v,1
http://wallet-amazon-nznx9.xyz:8080/gwhuon3qasla,1
http://paypalverify32.tk/wp-content/gun8ur/verify%2Fu7m1v%3Dd7cr,1
https://zomato.com/,0
http://wallet-google-h7abm.xyz:8080/4ml2iqr2ahny,1
http://mit.edu/docs/getting-started,0
http://sbiconfirm93.top/wp-content/oleiek/confirm%2Fc4zew%3Dxrb0,1
https://amazon.in/,0
https://stackoverflow.com@5y4lawrtn.work/billing,1
http://update-apple-nul5d.icu:8080/yvf8qfbhntiu,1
http://amazon-confirm.ly6psf14.work/confirm/pn1qy8ec.php,1
http://googleaccount55.top/wp-content/09yzhs/account%2F1ev2s%3Dos7d,1
https://flipkart.com/help/contact,0
https://www.swiggy.com/category/history/page/991,0
https://google.com/wiki/sports,0
https://www.stackoverflow.com,0
http://microsoft-account.ymwpfc.cf/account/ncauzfja.php,1
http://microsoftaccount24.ga/wp-content/dsaexm/account%2Fojd85%3Ddw1n,1
https://microsoft.com/category/laptop/page/767,0
https://github.com/about,0
https://google.com/wiki/recipes,0
https://coursera.org/docs/getting-started,0
https://swiggy.com/search?q=travel,0
http://paypal-billing.nmpmxjorem.ga/billing/urwvazm4.php,1
https://apple.com/help/contact,0
http://icici-signin.p7c8k4pw5n.zip/signin/d1y4k8o5.php,1
https://bbc.co.uk/about,0
http://amazon.in/about,0
https://mit.edu/,0
http://verify-icici-63356.zip:8080/6dzgg3etivmd,1
http://google.login.ap50sw.wikipedia-oq9r.tk/index.php?user=q53uti&token=umw6asgfqgdm1iyku9iv,1
https://youtube.com@acc1x0l42.cf/signin,1
https://irctc.co.in@qrmou803j.ml/account,1
http://googleaccount71.xyz/wp-content/ggbit6/account%2Frbewv%3D68d1,1
https://sbi.co.in/watch?v=5eltfebe540,0
https://google.com/user/science/profile,0
http://microsoftsecure89.ga/wp-content/rgmtjv/secure%2Fw31cf%3Dko78,1
https://www.irctc.co.in/docs/getting-started,0
https://nytimes.com,0
http://apple-signin.hf3h88p.ga/signin/twj8suwu.php,1
http://zomato.com/help/contact,0
https://reddit.com,0
http://confirm-google-wyk3x.ml:8080/5zn9c56b1ubb,1
https://www.coursera.org/help/contact,0
http://coursera.org/about,0
http://hdfcconfirm90.click/wp-content/yaadu9/confirm%2F08nm8%3Dh174,1
http://microsoftsignin27.click/wp-content/gri9et/signin%2Fmo11i%3Df24h,1
http://swiggy.com/user/history/profile,0
http://bit.ly/0ihdzsn,1
http://icici.account.8ia77e.zomato-99o6.work/index.php?user=alvgqx&token=czhnivd44t2rizyo7cmt,1
https://irctc.co.in@xsv4daund.cam/confirm,1
https://swiggy.com/,0
https://stackoverflow.com/search?q=travel,0
https://python.org/search?q=recipes,0
http://52.114.100.134/facebook/secure.html,1
http://172.153.212.26/apple/login.html,1
https://youtube.com@zhh46zmv4.tk/billing,1
https://wikipedia.org/products/item-200,0
https://www.python.org,0
https://mit.edu/category/games/page/842,0
https://stackoverflow.com/wiki/finance,0
http://26.110.212.25/apple/confirm.html,1
http://16.20.14.241/apple/support.html,1
http://12.224.74.83/hdfc/verify.html,1
http://coursera.org/products/item-279,0
http://microsoft.signin.dik6gs.who-rxxl.icu/index.php?user=hy4uxm&token=wa178fxpif8rdzrq8eb7,1
http://google-verify.mox9fxq.zip/verify/6s27380u.php,1
https://www.medium.com/blog/2024/news,0
https://python.org@da5jjvk2k.top/confirm,1
http://google.wallet.s5ibgg.github-tgg4.ga/index.php?user=8lefx7&token=0h1dffpnnqk0gm5ffk6o,1
https://www.microsoft.com/search?q=python,0
http://99.161.114.48/netflix/login.html,1
http://bit.ly/hcbf0vb,1
https://www.zomato.com/products/item-644,0
http://github.com/products/item-787,0
http://googleconfirm75.xyz/wp-content/ldkz27/confirm%2Fdqtro%3Di91e,1
http://who.int/help/contact,0
https://microsoft.com/products/item-618,0
http://google.com/blog/2024/music,0
http://microsoftbilling99.icu/wp-content/efhx0z/billing%2Fj7izv%3Da3t8,1
http://151.203.55.35/amazon/secure.html,1
https://irctc.co.in@zacfaxr57.tk/wallet,1
http://125.123.135.99/facebook/secure.html,1
https://www.sbi.co.in/category/history/page/210,0
http://mit.edu/watch?v=g6pkisb8363,0
https://nasa.gov/user/python/profile,0
http://irctc.co.in/help/contact,0
http://netflix.support.qx495a.youtube-o5q5.ml/index.php?user=lf7gdx&token=fae7wn08ep4ae952paxv,1
https://www.sbi.co.in/user/health/profile,0
https://flipkart.com/products/item-111,0
http://stackoverflow.com/blog/2024/laptop,0
http://126.40.215.203/facebook/verify.html,1
https://github.com@w7xozg42w.ml/account,1
https://www.python.org/about,0
http://stackoverflow.com/watch?v=qh96ycfnhp3,0
https://swiggy.com/blog/2024/travel,0
http://hdfcbank.com/,0
http://sbi.login.u8nqpc.linkedin-undm.tk/index.php?user=fz5ww4&token=yymoes7sz4s3e3tird5e,1
http://icici.wallet.wa05b6.github-zvz0.click/index.php?user=sfhz92&token=n7vg37ukfqod1yozrb7e,1
https://who.int/blog/2024/games,0
http://amazonconfirm52.xyz/wp-content/swso0c/confirm%2Fisuvy%3Dk28f,1
https://coursera.org@2n5muy0v3.ml/verify,1
https://bbc.co.uk@vm13xsbqt.work/account,1
https://www.coursera.org/,0
http://flipkart.com/about,0
https://python.org/watch?v=y7fhwjwxzux,0
https://nasa.gov/blog/2024/history,0
https://microsoft.com/wiki/music,0
https://wikipedia.org@8t9450xpo.icu/wallet,1
https://mit.edu/wiki/news,0
http://bbc.co.uk/help/contact,0
https://coursera.org@apcjpuf7v.top/wallet,1
http://google.account.iihe1j.zomato-1m0c.icu/index.php?user=u2tf1u&token=f3g86c2gs4ye45te3ppm,1
https://www.wikipedia.org/about,0
http://sbi.confirm.c01jr5.flipkart-wo7b.ga/index.php?user=al23iq&token=g1ojl9ok165dv6loi5yr,1
http://201.220.90.218/icici/signin.html,1
http://130.86.100.167/icici/account.html,1
https://wikipedia.org/user/science/profile,0
https://flipkart.com,0
http://paypal-billing.4mwpmib2i9.ga/billing/8nkhdlsz.php,1
http://bbc.co.uk,0
http://102.23.168.91/microsoft/verify.html,1
http://icicisignin76.top/wp-content/q9540h/signin%2F2yiwb%3Dy2vg,1
http://microsoft-support.ezsd1fimtb.icu/support/6t9by8nh.php,1
http://linkedin.com/docs/getting-started,0
http://irctc.co.in/products/item-61,0
http://sbi.secure.l5d9au.apple-8u6b.work/index.php?user=15x8g1&token=hzvnasjp0esuswiy7k60,1
https://www.who.int/blog/2024/history,0
http://bit.ly/lkyn0bu,1
http://73.100.100.135/microsoft/update.html,1
https://hdfcbank.com/products/item-814,0
http://facebook-support.nh6be8xoha.xyz/support/v66m8m89.php,1
https://amazon.in@6otn4ll1w.cf/signin,1
https://github.com/,0
http://hdfcconfirm15.ml/wp-content/91f8bv/confirm%2F5zhp6%3Dpnu0,1
http://hdfcbank.com/watch?v=vhu4bawz940,0
http://microsoft-update.7g8u3j.xyz/update/16c7i7mv.php,1
https://microsoft.com/user/laptop/profile,0
https://irctc.co.in/help/contact,0
http://google-confirm.cvgjj1ws.click/confirm/fdib0sxg.php,1
http://paypal.account.vk3u0q.youtube-74dp.cf/index.php?user=hu2xrf&token=nh671pj0ak269ryohckn,1
https://www.who.int/watch?v=g68a1arr3vr,0
http://208.82.181.238/icici/billing.html,1
http://paypal-support.m2xg2.tk/support/rw97rslx.php,1
https://www.bbc.co.uk/wiki/news,0
https://www.flipkart.com/wiki/news,0
http://swiggy.com/about,0
https://medium.com/docs/getting-started,0
http://sbi.signin.cgq6pe.zomato-fdzl.click/index.php?user=toczce&token=cert7awrpmehrtvce3sk,1
https://www.apple.com/products/item-352,0
https://medium.com/,0
http://94.118.221.119/microsoft/account.html,1
https://www.swiggy.com/products/item-225,0
http://bit.ly/6i8e8qk,1
https://linkedin.com/products/item-683,0
http://stackoverflow.com/docs/getting-started,0
http://microsoft-verify.dqvul7jm.xyz/verify/dxubc6a4.php,1
https://zomato.com/search?q=laptop,0
https://linkedin.com/products/item-881,0
http://bit.ly/y5tg5hj,1
http://google.com/watch?v=ubnbwgskwd3,0
http://sbi.co.in/wiki/music,0
https://apple.com/watch?v=za0co76o8qh,0
https://mit.edu,0
https://linkedin.com/user/recipes/profile,0
https://stackoverflow.com@752tvrfv4.click/account,1
https://medium.com/blog/2024/travel,0
http://hdfclogin76.tk/wp-content/vopp5t/login%2F33jcn%3D6cyo,1
https://flipkart.com/products/item-645,0
http://apple.confirm.o1l8wj.apple-zgyl.cam/index.php?user=kcs2yx&token=1zdnqsamctxtyh40s2t6,1
http://billing-google-e8bca.ml:8080/okpm4sjsszxq,1
https://microsoft.com@piqjpbofo.xyz/verify,1
https://medium.com/wiki/python,0
https://flipkart.com/watch?v=czsx0gnzhg8,0
https://reddit.com@9aythhddo.cam/verify,1
http://215.183.162.8/amazon/support.html,1
http://googleupdate6.work/wp-content/js3ev3/update%2F3pv70%3Dlgrp,1
https://www.hdfcbank.com/docs/getting-started,0
https://hdfcbank.com/about,0
http://hdfcbank.com,0
http://iciciaccount14.click/wp-content/ytndjj/account%2Fo9nif%3Dmpeo,1
http://amazon.confirm.wml12p.stackoverflow-wpvi.ml/index.php?user=06b8ms&token=g4ogb1lrxgkekt0kxgnt,1
http://amazon.confirm.9bgjq0.google-bhg9.xyz/index.php?user=vhbqi0&token=64vj2mwyi7ceummyywkm,1
https://python.org/,0
http://netflixconfirm7.xyz/wp-content/bw69zm/confirm%2Fq9p7e%3Dqfjo,1
http://confirm-paypal-tahy8.click:8080/olq54wfugeg1,1
http://147.109.138.200/paypal/billing.html,1
https://medium.com/category/finance/page/599,0
http://github.com/wiki/history,0
http://microsoftconfirm36.xyz/wp-content/4l8xpd/confirm%2F1f8pf%3Dxrph,1
https://swiggy.com/docs/getting-started,0
https://wikipedia.org/help/contact,0
https://nytimes.com/user/news/profile,0
https://wikipedia.org/search?q=news,0
https://amazon.in@mqf6br2le.cam/account,1
http://reddit.com/user/travel/profile,0
http://netflix.account.amyj4q.wikipedia-zott.tk/index.php?user=smznms&token=8ijjunwu1zjmkfu904ht,1
http://apple.com/about,0
http://130.184.153.190/icici/wallet.html,1
https://sbi.co.in/category/history/page/849,0
https://apple.com/user/python/profile,0
http://google.billing.wml7o6.who-jpf0.work/index.php?user=2aejak&token=ubfmz85dkqbo8pnbifeu,1
https://reddit.com/help/contact,0
https://reddit.com,0
https://www.flipkart.com/help/contact,0
http://165.139.52.82/paypal/confirm.html,1
https://mit.edu/search?q=science,0
https://irctc.co.in/user/science/profile,0
https://nytimes.com/about,0
https://apple.com,0
https://microsoft.com/category/finance/page/961,0
https://bbc.co.uk/search?q=recipes,0
http://support-paypal-fcmvq.work:8080/9oat0leupk9i,1
http://188.209.8.72/netflix/login.html,1
https://wikipedia.org@6g73j6jdp.top/billing,1
http://210.211.15.130/microsoft/signin.html,1
http://hdfcaccount58.xyz/wp-content/lj5hru/account%2Fp0mmr%3Du4ns,1
https://google.com@at6rnw1hf.ml/secure,1
http://netflix-account.96njwu733.cf/account/65rd46wk.php,1
http://confirm-microsoft-w5nx3.ml:8080/m4clen7ct4ru,1
http://icici-update.d3m6jr.top/update/8fl9v2qj.php,1
http://bit.ly/xp2iu4c,1
http://facebook-update.wiofnklgi.cam/update/gcuj7ilp.php,1
http://microsoft.com/docs/getting-started,0
http://microsoftsignin41.work/wp-content/zs6t5r/signin%2Fr284w%3Dyx74,1
http://flipkart.com/about,0
https://reddit.com/docs/getting-started,0
https://hdfcbank.com/about,0
http://billing-sbi-zh6du.xyz:8080/9zz99vmhvr04,1
http://wikipedia.org/wiki/finance,0
http://medium.com/category/games/page/461,0
http://confirm-amazon-9kswk.cf:8080/ryfnnmpgg0q1,1
https://google.com/blog/2024/science,0
http://google.account.4hwon2.who-hamr.cam/index.php?user=x7y91q&token=ub7tulnqglsh6gjjm0gz,1
http://135.148.243.49/google/billing.html,1
https://python.org/docs/getting-started,0
http://iciciwallet66.work/wp-content/7p5mz6/wallet%2Fw3co8%3Dpe74,1
http://amazon.in/about,0
https://medium.com/user/travel/profile,0
https://swiggy.com@fqng89vb9.cf/support,1
http://google.billing.fivipv.hdfcbank-mswr.icu/index.php?user=r90909&token=jfjfl12z4yjdkei5qfq6,1
http://hdfc.confirm.bs1gya.medium-aptd.work/index.php?user=5g1q7n&token=m5c7k4rjnylimgpk3y8s,1
https://www.nasa.gov/products/item-80,0
https://nytimes.com@uv73l5kky.cf/billing,1
https://mit.edu/search?q=finance,0
http://bit.ly/nvzgzte,1
https://stackoverflow.com/about,0
http://223.213.162.100/netflix/billing.html,1
https://apple.com/docs/getting-started,0
http://131.100.27.135/amazon/login.html,1
http://wikipedia.org/wiki/travel,0
https://nasa.gov/search?q=travel,0
https://github.com/watch?v=q3ov9jydfzd,0
http://github.com/category/travel/page/814,0
https://coursera.org/,0
https://wikipedia.org/blog/2024/laptop,0
https://nytimes.com/category/history/page/37,0
https://www.mit.edu/,0
http://secure-sbi-qi80k.ga:8080/a3r2dxjoxv6y,1
http://linkedin.com/category/games/page/982,0
http://paypal-login.cp3gkq.top/login/ryy8nxw0.php,1
https://www.linkedin.com/,0
http://sbi.co.in/docs/getting-started,0
https://who.int/category/sports/page/378,0
https://nytimes.com@lz5kqvqdy.work/secure,1
https://wikipedia.org/products/item-246,0
http://medium.com/search?q=finance,0
http://netflix.login.mi0g8f.youtube-prnn.ml/index.php?user=betrlz&token=scxcrhy3zomgn1eexb4z,1
http://support-netflix-k5qs4.click:8080/9mvk8s7jyrig,1
http://paypal.support.5j69tb.youtube-6tgo.icu/index.php?user=2t7q0e&token=cdc9ypp0klx5ryiaru4h,1
http://apple.com/user/games/profile,0
http://mit.edu/docs/getting-started,0
https://www.nytimes.com/search?q=finance,0
https://github.com/about,0
http://icici-login.b61pd.cam/login/bhf3suth.php,1
https://medium.com/products/item-148,0
https://apple.com@3giunwela.icu/login,1
http://python.org/about,0
https://www.nasa.gov,0
http://linkedin.com,0
https://medium.com/category/sports/page/741,0
https://swiggy.com@qvskiy5nw.cf/account,1
https://hdfcbank.com@9dcasw22f.zip/support,1
http://apple.com/help/contact,0
https://github.com/user/finance/profile,0
http://nytimes.com/docs/getting-started,0
http://swiggy.com/user/health/profile,0
http://amazon-update.5f1u6swnj.cf/update/9rwau3v8.php,1
http://hdfc-login.br7dki5b.work/login/bkv0x96k.php,1
https://github.com/watch?v=8xebnp5o3xt,0
http://netflixsecure4.icu/wp-content/xom9tp/secure%2F2kqdt%3D1s9j,1
http://110.190.73.227/microsoft/secure.html,1
http://facebook.support.e80kmc.apple-acij.top/index.php?user=wz8y62&token=j6goqljhu5kh7o4ea8qz,1
https://reddit.com,0
http://who.int,0
http://66.173.241.229/apple/support.html,1
https://who.int/,0
http://apple-update.1ahiia7b.cam/update/w2vnomzz.php,1
https://python.org,0
https://microsoft.com/category/health/page/256,0
https://flipkart.com/wiki/health,0
http://221.238.122.141/amazon/update.html,1
http://apple-login.pwc1dnp7w.ga/login/lyuyrj55.php,1
https://www.nasa.gov/search?q=games,0
https://www.stackoverflow.com/products/item-543,0
https://amazon.in/products/item-49,0
http://15.111.65.79/microsoft/secure.html,1
http://googlewallet70.top/wp-content/5ww7xh/wallet%2Ff4wiq%3D8hls,1
https://wikipedia.org/,0
https://nytimes.com@ozwrsxf8l.click/signin,1
http://bit.ly/47d7nc2,1
http://nytimes.com/watch?v=3a3zmf8mdd4,0
https://python.org/blog/2024/music,0
https://wikipedia.org/user/science/profile,0
https://sbi.co.in@a8k2h90u3.zip/signin,1
http://paypalsupport12.zip/wp-content/3lc6jw/support%2Fcz3bq%3Dfrb0,1
http://facebookconfirm6.ga/wp-content/7pkhel/confirm%2F706ho%3Dqq0r,1
http://180.229.16.46/icici/login.html,1
https://wikipedia.org/watch?v=cdt9gwa44lz,0
http://amazon-billing.mtg2t.work/billing/mo4ocrnr.php,1
https://stackoverflow.com/watch?v=efjgc46hd2o,0
http://bbc.co.uk/help/contact,0
http://applebilling24.tk/wp-content/64bwx0/billing%2Fs4t0k%3Dzxgh,1
https://amazon.in@t55hty6xn.ml/secure,1
https://google.com/,0
https://www.google.com/user/news/profile,0
http://amazon-verify.qyj8c.tk/verify/2nad0stb.php,1
http://bit.ly/ucvj3fr,1
https://github.com/products/item-982,0
http://apple.com/about,0
http://account-facebook-1456h.work:8080/95d9y8y0awrh,1
http://bit.ly/xnw28bg,1
http://bit.ly/caxhcye,1
https://www.reddit.com/watch?v=egvlkdnon4u,0
http://microsoftaccount33.tk/wp-content/790f00/account%2Fjgo4w%3D9f9l,1
http://icici-wallet.sbz75euf.icu/wallet/vhp7srk5.php,1
http://bit.ly/g26hlmb,1
http://bit.ly/dazk4xc,1
http://reddit.com/blog/2024/recipes,0
https://wikipedia.org/about,0
https://www.flipkart.com/wiki/laptop,0
http://hdfcwallet12.top/wp-content/43056m/wallet%2F00l87%3D9w5d,1
http://login-google-o8lye.ml:8080/c9wbsm149ma2,1
http://linkedin.com/wiki/travel,0
https://www.stackoverflow.com/help/contact,0
http://sbilogin80.cf/wp-content/ixieze/login%2Fv57u6%3D6id3,1
http://facebookverify76.zip/wp-content/bfygou/verify%2F3hpf1%3D5wr9,1
https://www.hdfcbank.com/docs/getting-started,0
http://bit.ly/6ovju90,1
https://www.flipkart.com/docs/getting-started,0
https://hdfcbank.com/category/laptop/page/868,0
http://apple-verify.zxai9iin.icu/verify/elgvd3oh.php,1
http://update-paypal-wd8wl.zip:8080/2ikbutzidiao,1
https://stackoverflow.com@2n333za49.icu/login,1
http://177.22.119.249/facebook/account.html,1
http://icici.verify.ja5t7p.linkedin-qwgr.icu/index.php?user=4b8jqt&token=bofa204oaxlw5m4e622h,1
http://google-secure.je9xoawcu.click/secure/d3i2iwmc.php,1
http://appleupdate50.zip/wp-content/2lynhx/update%2F2o3lf%3Dln7f,1
http://facebookwallet79.icu/wp-content/giqt67/wallet%2Ff2heq%3Dy8lb,1
http://sbi.verify.mv5nlz.linkedin-jhc2.ga/index.php?user=4de4i3&token=527fpwbabhwikvnzz3zw,1
https://www.google.com/blog/2024/travel,0
https://www.flipkart.com/products/item-420,0
https://www.python.org/docs/getting-started,0
http://bit.ly/y9y5edm,1
https://nytimes.com,0
http://netflixwallet37.zip/wp-content/j1h3ee/wallet%2Fhp2z9%3D4hu8,1
http://apple-update.p9eib0.xyz/update/ta6yy5xh.php,1
https://coursera.org/help/contact,0
http://188.233.134.88/icici/login.html,1
https://mit.edu/user/games/profile,0
http://python.org/,0
https://youtube.com/help/contact,0
http://microsoft.billing.fe2k3r.zomato-igfo.top/index.php?user=0skujr&token=o5v01705sflyg6d93wd6,1
http://61.179.146.139/paypal/billing.html,1
http://netflix-support.z4gjh.top/support/jj30u2vj.php,1
https://wikipedia.org/docs/getting-started,0
http://amazonsupport34.icu/wp-content/vylcga/support%2Fuai0j%3Dppyr,1
http://netflix.account.cjre5c.youtube-oeqx.cf/index.php?user=adgyuj&token=gb5or6m072hun8fitoza,1
https://stackoverflow.com/about,0
http://hdfcbank.com/watch?v=zkczyh0vc1f,0
https://nasa.gov@qqwm0dt08.ga/wallet,1
http://google.com/search?q=laptop,0
http://bit.ly/s8pp40e,1
https://www.amazon.in/watch?v=c7nxxbaf4ge,0
http://bbc.co.uk/watch?v=you25vw9y80,0
https://coursera.org/wiki/travel,0
http://googlelogin61.work/wp-content/o5nymm/login%2Ffuqfy%3Dhsj9,1
http://bit.ly/yta7d58,1
http://youtube.com/watch?v=26sphncaslj,0
http://applesignin78.zip/wp-content/stbrm5/signin%2F7pmm0%3Dtokd,1
https://nasa.gov@j8u81nwyt.cam/support,1
https://nytimes.com@slz2c11uh.icu/login,1
http://bit.ly/a3y0xao,1
https://youtube.com/blog/2024/health,0
https://www.github.com/help/contact,0
https://www.medium.com/search?q=laptop,0
https://www.zomato.com,0
http://amazonupdate82.zip/wp-content/coq5ld/update%2Fl7nhy%3Dmafc,1
https://coursera.org/watch?v=fa11pmrg0zp,0
https://sbi.co.in@mgvgq2uok.top/verify,1
http://billing-hdfc-ns7ea.xyz:8080/sw23ogq7ysx5,1
https://www.coursera.org/wiki/science,0
https://www.python.org/about,0
https://nytimes.com/search?q=history,0
http://12.95.146.15/apple/wallet.html,1
https://www.who.int/about,0
https://www.reddit.com/user/finance/profile,0
http://facebook.login.2ykcd3.nytimes-jxi9.icu/index.php?user=b7c8do&token=1p98snlc1tlw78f6m1da,1
http://bit.ly/zzazfn4,1
http://bit.ly/i47kah8,1
https://stackoverflow.com/help/contact,0
https://hdfcbank.com@yd1osep72.tk/update,1
http://sbi.co.in/search?q=laptop,0
http://swiggy.com/blog/2024/health,0
https://reddit.com@vbaxiaqjk.ga/wallet,1
http://microsoft.com/,0
http://52.215.201.79/paypal/account.html,1
https://amazon.in/wiki/python,0
https://flipkart.com/watch?v=kl8cgn0t6dv,0
http://who.int/user/games/profile,0
http://facebooksignin7.top/wp-content/95ost1/signin%2F0z87w%3Dg8v9,1
http://paypal-update.s8n40ap00.cam/update/g5x5cs72.php,1
https://bbc.co.uk,0
http://github.com/category/news/page/240,0
http://bit.ly/rau76ux,1
https://www.google.com/search?q=finance,0
http://microsoft-secure.8x6jm.tk/secure/re2u7fmk.php,1
https://apple.com@xjji7lamj.click/login,1
http://apple.billing.kurt62.irctc.c-7cgf.xyz/index.php?user=x30ac9&token=pubkopsl0jo4pyap3jfw,1
https://swiggy.com@0fvlc254z.cf/billing,1
https://python.org/,0
https://nytimes.com@yiwds2slr.tk/confirm,1
https://reddit.com/about,0
http://confirm-google-2f93n.click:8080/tcunbdzcf5ak,1
https://zomato.com@ce37rr8i8.work/account,1
https://hdfcbank.com/products/item-747,0
https://flipkart.com/watch?v=6yulnd7u4xx,0
https://microsoft.com/category/games/page/844,0
http://77.168.154.142/amazon/secure.html,1
http://zomato.com/products/item-488,0
http://sbi.billing.s2lym9.zomato-m1kb.zip/index.php?user=w6giok&token=oqs8d6kyb27xjx6yy6fr,1
http://sbi.support.0ot1k8.nytimes-jkhc.tk/index.php?user=d79uda&token=97zile5ylqsoujb9ndxs,1
http://41.236.163.230/microsoft/support.html,1
http://icici-signin.n3ytc8.work/signin/4ve41w4s.php,1
http://94.134.144.27/amazon/secure.html,1
https://nytimes.com/help/contact,0
http://google-signin.hm9gjn.top/signin/cfoovcfz.php,1
http://amazonsecure8.click/wp-content/2e2foz/secure%2Fz1jpa%3Dhrx7,1
http://google.billing.f83gae.stackoverflow-ea3x.click/index.php?user=8ouzdz&token=hlflfifx97l4gqqkmjcz,1
http://update-apple-lj8mm.top:8080/03al44locgn4,1
https://www.coursera.org/blog/2024/news,0
http://paypal-billing.ardaaw2afi.icu/billing/63ovwumz.php,1
https://hdfcbank.com/products/item-529,0
https://amazon.in/user/finance/profile,0
http://bit.ly/jurizr9,1
http://netflix.secure.kgs755.irctc.c-1r6m.work/index.php?user=dmb6o7&token=cmqynoo4o969up0noaun,1
http://163.218.228.253/sbi/support.html,1
http://microsoft.update.ijwpy5.stackoverflow-fs1o.top/index.php?user=is1wbs&token=cyg037gbkk3ilvs5uojm,1
http://account-google-z3y9e.work:8080/mlmbzrkzoeav,1
http://140.208.213.153/paypal/verify.html,1
https://hdfcbank.com/watch?v=95zow60zz0i,0
http://apple.account.32arwu.github-6x0a.zip/index.php?user=ccho6v&token=8co2jep91oxjcbyhgmn9,1
http://nasa.gov/help/contact,0
http://nasa.gov,0
https://hdfcbank.com@c29sqail1.icu/support,1
http://hdfc-support.gej1dg6f.cf/support/wronbvpx.php,1
http://icicisupport28.tk/wp-content/uagb0x/support%2Fzzb7q%3Da4f0,1
http://flipkart.com/products/item-401,0
https://www.sbi.co.in/help/contact,0
https://reddit.com/user/science/profile,0
http://hdfc.verify.cnubj7.coursera-f55a.tk/index.php?user=cobteg&token=urt1rwvngcfolt34kff2,1
http://netflix-wallet.otuqaj.cam/wallet/elivwoe5.php,1
https://www.reddit.com/user/sports/profile,0
https://zomato.com@q3x4hpalw.work/confirm,1
http://182.174.8.4/google/login.html,1
http://linkedin.com/about,0
http://flipkart.com/category/python/page/765,0
https://apple.com/products/item-14,0
http://googlebilling85.click/wp-content/na9wk4/billing%2Fmk3fn%3Dxtiw,1
https://www.flipkart.com/user/games/profile,0
http://microsoftbilling35.click/wp-content/awhcrc/billing%2Fwrurd%3D86du,1
http://iciciaccount57.icu/wp-content/os58yo/account%2Ffvyg7%3D2vwm,1
http://secure-sbi-5c7qx.tk:8080/mjblineewkih,1
http://140.58.76.181/hdfc/signin.html,1
http://microsoftsupport98.cam/wp-content/3f49hw/support%2Ffl8mp%3Dj4zg,1
http://bit.ly/zqf2rka,1
https://python.org/category/recipes/page/723,0
https://www.irctc.co.in/help/contact,0
http://google-update.eckc546r.cf/update/xoz5cuwx.php,1
http://icici.billing.ovxlcm.reddit-y2wn.tk/index.php?user=gqohoa&token=bed5rb8mgbc52r3akez7,1
https://reddit.com@6pnbxu6on.cam/login,1
http://sbi.signin.8p6u5p.sbi.c-05z4.work/index.php?user=mljc1b&token=x7qfp8swxqwlqb8kh4pj,1
http://bit.ly/bj52lbr,1
https://github.com/help/contact,0
https://www.bbc.co.uk/search?q=sports,0
http://irctc.co.in/category/science/page/142,0
https://apple.com/category/history/page/987,0
http://appleupdate30.cam/wp-content/jn2364/update%2F8n9ji%3D7ome,1
https://swiggy.com/wiki/travel,0
https://wikipedia.org/about,0
https://reddit.com/docs/getting-started,0
https://www.reddit.com/category/history/page/535,0
https://hdfcbank.com/user/health/profile,0
http://googleverify35.cam/wp-content/ge3zie/verify%2Fxogxv%3Dx9m3,1
http://netflix.support.ixwgy4.youtube-pl5r.cf/index.php?user=oszhx1&token=4a80q15fqjit6f5q4myi,1
http://amazonconfirm43.ml/wp-content/xpi865/confirm%2Feo9w6%3Dya8j,1
https://hdfcbank.com/products/item-618,0
http://microsoft-support.09m24oog.cf/support/2tltt23g.php,1
http://191.141.80.231/netflix/confirm.html,1
http://googleaccount55.icu/wp-content/386a6n/account%2Fjheek%3D2vk1,1
http://93.167.3.22/paypal/confirm.html,1
http://microsoft.update.270a0w.amazo-x07v.cam/index.php?user=4gxoh4&token=r0d3fnzrbhd3cmrynhfk,1
http://amazon.login.jtmrnz.apple-fomj.click/index.php?user=oqjq8h&token=cqutxq7xl886p5xh4zuz,1
http://google.verify.dcv7ae.python-ad0x.cf/index.php?user=h2mecy&token=jxp7x80nhje1e3dyywzl,1
http://facebookverify55.cam/wp-content/i9x4nm/verify%2F3a2ga%3Dgph0,1
https://apple.com,0
https://coursera.org/,0
http://medium.com/,0
http://bit.ly/iarmle6,1
http://amazon-verify.wtsmcg.icu/verify/xznv6l8j.php,1
http://sbilogin7.cf/wp-content/jih4f1/login%2Fxnvb2%3D158u,1
http://apple.com/help/contact,0
https://who.int/,0
https://mit.edu@2dcmhunsi.zip/secure,1
http://paypal.support.mc6xkn.amazo-splj.cf/index.php?user=cp1yb3&token=yj6kl9r84a3ndpyn89mr,1
https://bbc.co.uk,0
http://icicisignin16.ml/wp-content/i7f2ey/signin%2Fwpajo%3D3jrb,1
http://hdfcbank.com/category/news/page/205,0
http://zomato.com/help/contact,0
https://flipkart.com@nixc6odr9.work/account,1
http://reddit.com/blog/2024/python,0
http://microsoft-update.i7imw4.icu/update/hgil4f17.php,1
http://youtube.com,0
http://paypalupdate30.click/wp-content/b1zj39/update%2F6yfi7%3Deq3o,1
http://google.support.8nchd8.apple-k7tj.icu/index.php?user=2gwd8u&token=b1v4akxk3lqw3by1fuzy,1
http://microsoftwallet57.ga/wp-content/o2kj04/wallet%2Fy16nx%3Db8cl,1
http://youtube.com/user/finance/profile,0
http://appleconfirm41.work/wp-content/uca7r6/confirm%2Fd2x6l%3Dod6d,1
https://zomato.com/search?q=health,0
http://apple.login.nv1vm2.bbc.c-zv5u.cam/index.php?user=7xhrus&token=zvd006t5eswx4yei2v57,1
http://58.227.207.46/apple/signin.html,1
https://www.coursera.org/wiki/history,0
https://bbc.co.uk@0jvr3v6n2.tk/account,1
http://amazon.billing.z4eovs.microsoft-7evc.click/index.php?user=nqiyft&token=lxbwlwm5jlsbolqkixeq,1
https://www.flipkart.com/search?q=science,0
http://stackoverflow.com/about,0
https://sbi.co.in/search?q=finance,0
http://amazon-account.6yjv601s9b.top/account/ay6b0m1g.php,1
http://microsoft.com/blog/2024/finance,0
http://facebook.signin.smcj2j.flipkart-grbk.xyz/index.php?user=cy7qfu&token=j7vlsgo7f0bro5xyt861,1
https://stackoverflow.com/watch?v=m28aqwd1bqf,0
https://stackoverflow.com/blog/2024/science,0
https://bbc.co.uk/help/contact,0
http://netflix.support.sy80w5.flipkart-sbb3.ml/index.php?user=l5zsv5&token=wqhj2kegzrrj2jo2ilkb,1
https://hdfcbank.com,0
https://who.int@0llqixuce.top/signin,1
https://stackoverflow.com,0
http://amazon-signin.7te8rtms.zip/signin/y77bmbvm.php,1
http://facebookverify38.zip/wp-content/u3yjei/verify%2Fxvxbk%3Dne4l,1
https://www.wikipedia.org,0
https://www.youtube.com/,0
http://paypalupdate49.cam/wp-content/4hp5am/update%2Fvov4o%3Dyiz9,1
http://microsoft-signin.7qq1q.top/signin/81hrulhh.php,1
https://google.com/about,0
http://netflix.login.4uvm6n.reddit-weaq.click/index.php?user=f60wr3&token=8aizza9dv28o470jp8q9,1
http://sbi.co.in/blog/2024/python,0
http://google.com/watch?v=bmwuouc6t8p,0
http://bit.ly/fu3f4k1,1
http://99.77.196.170/hdfc/account.html,1
https://flipkart.com/watch?v=gvtn4ypkw74,0
https://www.google.com/docs/getting-started,0
https://nytimes.com/products/item-451,0
http://192.8.190.183/sbi/signin.html,1
http://zomato.com/products/item-929,0
http://bit.ly/tlt7pa4,1
http://icici-account.pr2vz5ux0l.xyz/account/45ubmr81.php,1
http://applesupport88.ga/wp-content/19lf2o/support%2Fj58ub%3Dcisj,1
http://138.0.53.44/amazon/update.html,1
https://sbi.co.in/about,0
https://stackoverflow.com/user/games/profile,0
http://sbi.confirm.sdwx96.google-prwy.click/index.php?user=8zoi9h&token=dv9nm301dvvh6sd4h4zx,1
http://confirm-hdfc-ypcfy.xyz:8080/x0joc6z9lvor,1
http://youtube.com/docs/getting-started,0
http://facebook.account.8n0wcz.zomato-j4o9.cam/index.php?user=9p1f3a&token=j8g5950ntlracv1vmb6k,1
https://www.irctc.co.in/category/travel/page/305,0
https://www.coursera.org/products/item-921,0
http://32.170.77.239/sbi/update.html,1
http://bit.ly/9vhqcnj,1
https://zomato.com/search?q=laptop,0
https://stackoverflow.com/help/contact,0
http://facebooklogin22.click/wp-content/zeh3rp/login%2Frgygo%3D2ype,1
http://sbi.wallet.m9gx06.google-fnr3.ga/index.php?user=7qtzjs&token=6pvs9v9bd9zmq77hns54,1
http://signin-facebook-zj2rq.ga:8080/b2jmzng9jbd2,1
http://irctc.co.in/about,0
http://mit.edu/products/item-298,0
https://linkedin.com/watch?v=s4kek4aegvf,0
http://sbi-verify.e3r037.cf/verify/odn65sws.php,1
https://www.who.int/docs/getting-started,0
http://wallet-hdfc-jaepk.ga:8080/8fvzslpwlm4f,1
https://www.apple.com/watch?v=bgj5g1hog8e,0
https://www.apple.com/search?q=history,0
http://101.191.100.69/icici/update.html,1
https://www.reddit.com,0
http://122.27.10.160/google/support.html,1
http://icicisignin14.click/wp-content/deeh2c/signin%2Fwf52c%3Ddrxu,1
http://55.57.216.147/apple/signin.html,1
https://nytimes.com,0
https://www.hdfcbank.com,0
http://20.181.61.249/google/support.html,1
http://sbi-wallet.upx06.tk/wallet/lbrhlvo2.php,1
http://microsoftsupport94.top/wp-content/txo2fi/support%2F95346%3D7wcd,1
http://netflix-billing.sfkjza3ue1.ml/billing/k2ic7pp7.php,1
http://google.update.pvw4nh.hdfcbank-1tjr.tk/index.php?user=t2rmc9&token=67fd2ybnmzogq2h5cfgk,1
https://www.zomato.com/search?q=python,0
http://sbi-support.6540w.top/support/fj2etpse.php,1
http://nytimes.com/about,0
http://apple.confirm.0m9ewe.zomato-8287.icu/index.php?user=sf1pt6&token=trouwfiajijnlp2s07jo,1
https://youtube.com/watch?v=fulz2ads83g,0
https://www.reddit.com/about,0
https://www.nasa.gov/wiki/travel,0
http://icicisecure86.zip/wp-content/unofyr/secure%2F5ldqt%3Di9ck,1
http://microsoft-support.2j2buzra.zip/support/kmxe8qbt.php,1
https://youtube.com/wiki/health,0
https://medium.com/search?q=history,0
http://paypalupdate87.ml/wp-content/rtsm3s/update%2F08uwo%3Dxt11,1
http://swiggy.com/watch?v=5ej9tdnvsk6,0
http://icici.verify.kg8j7w.github-977x.work/index.php?user=p2kuge&token=orl0yb9c55c5mwbwacj2,1
http://amazonsecure48.work/wp-content/z2dcpg/secure%2Fanl81%3D6lbu,1
https://zomato.com@796iqphxi.xyz/account,1
http://microsoft.com,0
https://hdfcbank.com/,0
http://wikipedia.org/products/item-274,0
https://apple.com/search?q=health,0
http://hdfc.confirm.esu75m.who-81j8.cf/index.php?user=rgo5se&token=bbmjxmikwmvw9kqkeznl,1
https://reddit.com/products/item-948,0
http://213.84.116.13/google/confirm.html,1
http://bit.ly/4myiyhu,1
https://www.irctc.co.in/docs/getting-started,0
https://coursera.org,0
https://www.bbc.co.uk/wiki/finance,0
http://mit.edu/about,0
http://98.71.76.227/facebook/update.html,1
http://hdfc.account.oawqf1.github-97np.ml/index.php?user=wq6yk8&token=mmu9am6iwezces58kcim,1
https://www.microsoft.com/help/contact,0
https://www.apple.com/search?q=games,0
http://106.18.236.159/facebook/wallet.html,1
http://12.247.229.144/sbi/login.html,1
https://hdfcbank.com/docs/getting-started,0
http://secure-amazon-42lmf.zip:8080/93txry3z4xut,1
http://verify-paypal-2lvum.ga:8080/hf5ox05zhi64,1
http://paypal-secure.zs9bk4ufsv.cam/secure/uxzuykmg.php,1
http://111.231.106.56/sbi/login.html,1
https://hdfcbank.com/category/games/page/35,0
http://amazonsupport26.ml/wp-content/liuvj4/support%2F0y52y%3Dgqym,1
https://swiggy.com@q6pu4y6dm.work/login,1
http://irctc.co.in/,0
http://paypal-account.2cs2cmq.zip/account/2ajltorc.php,1
http://110.250.119.205/netflix/support.html,1
http://google.verify.ae5ezf.hdfcbank-1kwv.xyz/index.php?user=g8sze2&token=6r2gwlj6iw5g2zshp0g3,1
http://facebook-confirm.ei1wr07i3q.top/confirm/ftq973ia.php,1
http://signin-hdfc-fusnz.icu:8080/dwp73wuqaygi,1
http://python.org/search?q=science,0
http://hdfcbilling75.click/wp-content/4xrr1y/billing%2Fudwni%3Dfyir,1
http://11.238.20.153/amazon/login.html,1
http://confirm-icici-qfjp2.cf:8080/pnkdwe3lspd7,1
http://verify-amazon-nuwix.top:8080/uy3opa59f96l,1
https://microsoft.com/about,0
http://who.int/docs/getting-started,0
http://hdfc.confirm.4noauj.flipkart-pnis.work/index.php?user=fwvvpo&token=0t273eqlukkapilqme0e,1
http://github.com/search?q=science,0
http://stackoverflow.com/watch?v=zmvutiymr0a,0
http://facebook.support.9rt7nw.zomato-nxng.top/index.php?user=bye21q&token=pign2upfjn9d4xnywf5q,1
https://www.nytimes.com/help/contact,0
http://github.com/blog/2024/science,0
http://microsoftverify68.work/wp-content/lu1by4/verify%2Fiyv0n%3D1smp,1
http://netflix-update.ig3kqty.xyz/update/db90mtxl.php,1
http://coursera.org,0
http://who.int,0
http://hdfc.billing.qohqz8.google-gsp1.work/index.php?user=93r588&token=5yssny20gayb3ltkg3oj,1
http://107.28.65.125/paypal/signin.html,1
http://amazon.verify.zwbh80.stackoverflow-3pxp.zip/index.php?user=qubpx8&token=jrw1zdxcaij04gadtqrw,1
http://amazon.secure.0aiaoj.stackoverflow-koie.icu/index.php?user=xs3lc3&token=7srdv4eehrdwrkqyuyqr,1
http://microsoftupdate90.click/wp-content/nkp9j1/update%2Fplihu%3Dy7ew,1
https://google.com@qdwao4rk5.click/confirm,1
https://medium.com@8j0we511k.work/secure,1
http://paypallogin56.ga/wp-content/iz6p51/login%2Fpubf2%3Dvpx4,1
https://linkedin.com/docs/getting-started,0
http://139.23.154.137/google/update.html,1
http://wallet-netflix-k4kfd.zip:8080/dxvfgd9ds7a0,1
http://amazon.in/category/science/page/707,0
http://137.49.212.75/facebook/login.html,1
https://www.python.org/docs/getting-started,0
https://www.amazon.in/user/python/profile,0
http://mit.edu/watch?v=uw2xh6qihpn,0
http://bit.ly/trg6iaq,1
http://wikipedia.org/watch?v=h1ve8susfh7,0
http://netflix.support.rpp9cw.python-s8b0.cf/index.php?user=4a9yz5&token=sczh36hiamjg0d6muw0x,1
http://221.201.18.233/netflix/login.html,1
http://google.com/about,0
https://nasa.gov@ebcxiijcd.ga/verify,1
https://www.swiggy.com/help/contact,0
http://coursera.org/,0
https://github.com/blog/2024/games,0
http://youtube.com/watch?v=flguq2086ok,0
http://billing-microsoft-97l09.icu:8080/w7wap0o0n5wi,1
https://stackoverflow.com@q7jbx9k7m.work/secure,1
https://www.coursera.org/products/item-343,0
http://netflix.account.o3tva7.nasa-9xma.click/index.php?user=5vixr4&token=dto8uflv4ba7obbc83y0,1
https://linkedin.com/search?q=sports,0
https://stackoverflow.com/about,0
https://bbc.co.uk/wiki/games,0
https://google.com/help/contact,0
http://coursera.org/help/contact,0
http://sbi.co.in/blog/2024/recipes,0
http://159.144.135.180/microsoft/wallet.html,1
https://bbc.co.uk@qqjr6jp3z.cf/secure,1
https://medium.com/wiki/travel,0
https://www.github.com/category/news/page/370,0
http://94.13.78.127/facebook/signin.html,1
http://hdfcconfirm40.cam/wp-content/za1g6a/confirm%2Fp8ubk%3D6s2p,1
http://wikipedia.org/watch?v=wyqhr133no3,0
https://nasa.gov/category/science/page/65,0
https://microsoft.com,0
https://www.hdfcbank.com/search?q=science,0
https://swiggy.com/user/games/profile,0
https://amazon.in/category/laptop/page/153,0
http://paypalsecure3.tk/wp-content/dqc9pu/secure%2Fn6en1%3Dkq1y,1
https://hdfcbank.com/user/science/profile,0
http://signin-hdfc-dysx9.cf:8080/ojwudrgtz6ql,1
http://amazon-secure.pg0jg3yt.ga/secure/iihn70n6.php,1
https://sbi.co.in/wiki/games,0
https://www.coursera.org/help/contact,0
https://flipkart.com/blog/2024/travel,0
https://mit.edu/user/history/profile,0
http://hdfc.account.f2b3ew.swiggy-5qa0.ga/index.php?user=tkc3n4&token=g720k9azu9pk42ud2dtb,1
http://wikipedia.org/help/contact,0
http://paypalsecure66.ga/wp-content/pggb38/secure%2Fi1wr6%3D3juw,1
http://google.billing.1vl6c3.zomato-fosh.zip/index.php?user=4lv73q&token=i3urnjek91kegj52t2pm,1
http://applesecure19.tk/wp-content/7ijtl4/secure%2F8ornr%3Dfj6n,1
http://113.245.3.198/microsoft/wallet.html,1
https://reddit.com/blog/2024/sports,0
http://coursera.org/search?q=recipes,0
http://paypal.billing.ws0azt.amazo-ybm7.zip/index.php?user=1pmeoa&token=wpd8z1qxfiaetni12j4e,1
http://hdfcsignin27.icu/wp-content/t2s2fs/signin%2F8h5pt%3D6ngf,1
http://facebookconfirm15.ml/wp-content/l35bdl/confirm%2Fhty2l%3Dtubr,1
https://www.youtube.com/about,0
https://stackoverflow.com/,0
http://update-facebook-w6yz7.tk:8080/ry21g6yrgc5f,1
https://zomato.com/wiki/sports,0
http://74.77.60.90/google/support.html,1
http://icicisignin1.tk/wp-content/gdgojg/signin%2Fp2gbu%3Ddy7m,1
http://support-icici-j47cc.zip:8080/88rfk2k0jj4u,1
http://applebilling80.ml/wp-content/rev2z1/billing%2Fk3bdg%3Drb2d,1
http://bit.ly/02ra81r,1
https://nytimes.com/docs/getting-started,0
https://python.org,0
https://linkedin.com@mc7ffz1c5.icu/secure,1
http://sbi-verify.qaibhyhh.ml/verify/x2x5daok.php,1
http://microsoft.update.jww8qv.nytimes-idi0.work/index.php?user=9kgw8c&token=4ag1qicxbr8iybatolod,1
http://googlebilling77.work/wp-content/5svfou/billing%2Fka4e7%3Dycs1,1
https://www.wikipedia.org/,0
https://reddit.com/blog/2024/history,0
http://stackoverflow.com/search?q=sports,0
https://www.stackoverflow.com,0
http://microsoft.com/search?q=games,0
http://109.231.77.187/paypal/verify.html,1
http://nytimes.com/products/item-560,0
https://linkedin.com/category/history/page/695,0
https://coursera.org/docs/getting-started,0
https://hdfcbank.com/help/contact,0
https://www.who.int/wiki/recipes,0
http://swiggy.com/category/laptop/page/675,0
http://32.135.182.177/amazon/update.html,1
http://bit.ly/s1uyszd,1
http://who.int/docs/getting-started,0
http://bit.ly/owqdwol,1
http://google-confirm.jb3gex0.ml/confirm/sutbh7w5.php,1
http://support-icici-kwcci.zip:8080/mnschlsxjxrq,1
http://12.239.97.241/amazon/signin.html,1
http://icici-wallet.tllqhrkmrf.top/wallet/sf7akn20.php,1
http://who.int/blog/2024/news,0
https://www.mit.edu/docs/getting-started,0
http://github.com/,0
https://google.com/help/contact,0
https://who.int@hacmeyp17.icu/confirm,1
https://amazon.in/wiki/laptop,0
https://www.swiggy.com,0
http://icici.update.w74yrt.zomato-tsva.cf/index.php?user=wnwgxv&token=38pfitcgm6eh0z98wqu0,1
http://microsoft-update.e74v6aou.cam/update/sx9dxznk.php,1
https://www.apple.com/search?q=health,0
https://amazon.in/docs/getting-started,0
https://www.nasa.gov/category/news/page/59,0
https://flipkart.com/products/item-753,0
http://icici.wallet.4w0w5q.zomato-rd5d.ga/index.php?user=7vkc5b&token=nz72wuma4800hersosp8,1
http://185.58.239.155/netflix/login.html,1
https://www.reddit.com/wiki/games,0
https://hdfcbank.com/wiki/finance,0
http://bit.ly/izhfki2,1
https://flipkart.com@vzyie8myl.ga/billing,1
https://medium.com/docs/getting-started,0
https://hdfcbank.com/,0
http://facebook-secure.9ner3o3.xyz/secure/qyepjrf5.php,1
http://secure-icici-7e6k5.xyz:8080/2bi86mtzhsp3,1
https://apple.com/products/item-671,0
http://bit.ly/ky9kvgc,1
https://reddit.com,0
http://medium.com/watch?v=fe1yend6bwb,0
https://swiggy.com,0
https://google.com/about,0
http://123.212.90.106/google/confirm.html,1
http://138.42.42.74/icici/confirm.html,1
https://zomato.com/blog/2024/music,0
http://apple.com/category/games/page/216,0
http://hdfc-secure.xq33z0xq0.cam/secure/1jwy0tn1.php,1
https://nasa.gov,0
https://flipkart.com/search?q=history,0
http://hdfc-update.02u7jhqdxv.icu/update/niua0ira.php,1
https://stackoverflow.com/docs/getting-started,0
http://facebookaccount83.ml/wp-content/6jd2ck/account%2F42vjg%3Dkve8,1
https://bbc.co.uk/help/contact,0
https://www.coursera.org/category/health/page/335,0
https://www.mit.edu/search?q=laptop,0
http://paypal.wallet.l0g7tp.wikipedia-0pvl.zip/index.php?user=83oda7&token=0wic597zjc3wsfzw7d2e,1
http://microsoft-login.hiyuhwyqa.icu/login/nns5qmlc.php,1
http://hdfc.signin.4ywkoo.github-53hd.tk/index.php?user=78rswe&token=9ynsua88nvqneoezoagv,1
http://medium.com/user/laptop/profile,0
http://icici-login.3bmyu.top/login/8tn8fqmj.php,1
http://microsoft.com/category/recipes/page/696,0
http://64.216.13.145/amazon/support.html,1
https://flipkart.com/docs/getting-started,0
http://google.signin.r4sda9.swiggy-mcis.click/index.php?user=yoxomt&token=f075g514a9969trj7o6y,1
http://paypal.verify.1d05aq.hdfcbank-tgkn.work/index.php?user=qdw7rb&token=ped02g1k5jaw2df80wth,1
https://youtube.com/,0
https://www.reddit.com/about,0
http://confirm-paypal-kfw21.cf:8080/kmn17plu4xod,1
http://hdfc-support.slo9nlup.xyz/support/ya8whofy.php,1
http://netflix.signin.9tv4oe.reddit-pcgb.xyz/index.php?user=qlc9ey&token=d3mynueuvld7p441jwyr,1
http://159.9.99.159/hdfc/verify.html,1
https://microsoft.com/blog/2024/history,0
http://netflix-update.7akksqku.click/update/1w3vssq6.php,1
https://apple.com/search?q=games,0
https://who.int/products/item-529,0
http://bit.ly/7lj5mv6,1
https://www.linkedin.com/user/sports/profile,0
https://reddit.com@vtrzr8dou.ga/wallet,1
https://python.org/help/contact,0
https://swiggy.com/products/item-854,0
http://facebookupdate79.xyz/wp-content/1ts9vn/update%2Fruruo%3Duuy8,1
http://bit.ly/fixlbo9,1
http://hdfc.update.qxk1vi.nasa-eohi.ga/index.php?user=fk0vzy&token=ybdau8ezkxq80i4527kk,1
http://bbc.co.uk/watch?v=v76mf4nnkm9,0
https://www.apple.com/wiki/laptop,0
http://swiggy.com/help/contact,0
https://www.amazon.in/about,0
https://sbi.co.in/user/music/profile,0
https://www.mit.edu/help/contact,0
http://github.com/search?q=finance,0
https://www.flipkart.com/products/item-669,0
https://nasa.gov@57ple0ewr.icu/account,1
http://icici.support.123lsh.mit-3tga.tk/index.php?user=qhcb82&token=oxlmyqs8cg90mx7accdz,1
http://github.com/category/finance/page/181,0
https://linkedin.com/,0
https://apple.com,0
http://microsoft-secure.o5g5u.cf/secure/6jdzo392.php,1
https://google.com/user/laptop/profile,0
http://wikipedia.org/docs/getting-started,0
https://youtube.com/category/news/page/551,0
https://youtube.com@2d8fu8kxh.ga/account,1
https://github.com/blog/2024/sports,0
https://www.zomato.com/user/travel/profile,0
https://who.int/products/item-329,0
http://126.2.137.51/netflix/verify.html,1
https://github.com/,0
https://reddit.com@ffzl60d97.zip/support,1
https://www.bbc.co.uk/wiki/finance,0
https://irctc.co.in/about,0
https://medium.com/help/contact,0
http://bit.ly/q0ewzfo,1
https://coursera.org/category/health/page/438,0
https://github.com,0
https://nytimes.com/docs/getting-started,0
https://who.int@0dhamyvkp.click/support,1
https://flipkart.com/blog/2024/news,0
http://facebook-support.ofzowgdco.cf/support/q93topzz.php,1
http://amazon.login.hpk4l2.python-bacx.zip/index.php?user=f6rnh5&token=ehywfcdv3u48t5eoa48q,1
https://python.org@z4fnw2l4k.xyz/account,1
http://icici.update.qzusof.swiggy-ap7d.icu/index.php?user=vuf7q2&token=398nli8cxu1cxx3lnc30,1
https://reddit.com/about,0
http://bit.ly/jdp9t6m,1
https://nytimes.com/watch?v=7rcq6w948ju,0
http://119.253.149.143/microsoft/support.html,1
http://stackoverflow.com/,0
http://sbilogin2.xyz/wp-content/ntyest/login%2Fazalh%3Dttos,1
http://confirm-facebook-5q1mw.icu:8080/7i6bxpdzlhr6,1
http://hdfc-billing.lk04p2e.icu/billing/k1hw67y9.php,1
http://57.159.237.146/apple/verify.html,1
http://microsoft-support.vmc0kj.xyz/support/y4guz9li.php,1
https://wikipedia.org/blog/2024/python,0
http://medium.com/wiki/travel,0
http://billing-facebook-h1d2o.tk:8080/w25avpk9wfuc,1
http://55.177.235.95/google/update.html,1
https://reddit.com/category/travel/page/571,0
https://www.flipkart.com/category/python/page/628,0
http://microsoft.com/,0
https://swiggy.com,0
http://netflixsecure46.top/wp-content/bnb70u/secure%2Ffoj0m%3D9ulw,1
http://124.182.243.243/sbi/verify.html,1
http://facebook.support.gsfytk.wikipedia-lbch.icu/index.php?user=y3t5q2&token=1g07hpnpk270te8z2gfq,1
http://icici-account.s8vmwm.click/account/fkyof4rp.php,1
https://python.org/help/contact,0
https://www.apple.com/about,0
http://paypal-account.i477pkb.xyz/account/rfbfl0v8.php,1
http://netflixlogin1.cam/wp-content/p4hy5i/login%2F8neog%3De9b4,1
http://coursera.org/products/item-694,0
https://microsoft.com@qa1vb0bs9.tk/update,1
http://update-google-9jsnc.ga:8080/h1wy6pogi3ee,1
http://coursera.org/search?q=music,0
http://github.com/wiki/python,0
http://confirm-microsoft-dj7n7.xyz:8080/95uaeu4ssvvm,1
http://applesecure27.cf/wp-content/diiq1z/secure%2F5aylx%3Dj6hq,1
https://nytimes.com@lsy7rw78i.ml/support,1
https://www.zomato.com/watch?v=0gq34pggcbi,0
http://sbisupport67.ga/wp-content/ivxsos/support%2F1hu26%3Ds1pr,1
https://flipkart.com@mxbfhdqmk.work/secure,1
http://facebook-verify.pnczfu58.cf/verify/to5g4b2i.php,1
https://google.com/docs/getting-started,0
https://hdfcbank.com/search?q=python,0
http://12.124.50.68/icici/verify.html,1
https://medium.com@avh9ks02q.ml/wallet,1
https://www.zomato.com,0
https://google.com@8seootuia.top/update,1
http://signin-icici-ugz40.top:8080/zvqlqp66zvgi,1
http://flipkart.com/products/item-851,0
http://bit.ly/buoey6d,1
https://coursera.org/category/travel/page/343,0
https://www.zomato.com/blog/2024/finance,0
http://amazon.confirm.bxvero.zomato-wbxl.icu/index.php?user=2wlx04&token=xsby2ouor5kls0rshm21,1
http://linkedin.com/products/item-254,0
http://131.108.12.213/google/secure.html,1
https://www.reddit.com/category/history/page/168,0
http://166.32.56.184/hdfc/signin.html,1
https://irctc.co.in/products/item-140,0
https://apple.com@2sf4vh9t1.icu/wallet,1
http://154.18.120.230/hdfc/login.html,1
https://www.nasa.gov/watch?v=pd2tsxtv76t,0
https://coursera.org@v6xkv59gp.ga/signin,1
https://www.coursera.org,0
http://sbiaccount25.xyz/wp-content/6n0abc/account%2Fz7ep6%3D2ltg,1
http://secure-microsoft-esp55.ml:8080/3xui8lpy058e,1
https://www.coursera.org/products/item-601,0
https://amazon.in@yv8d2cz3i.cf/update,1
https://hdfcbank.com/blog/2024/games,0
http://google.account.vdcf33.zomato-30cn.click/index.php?user=89yxjh&token=8kgyzm5095tkiziwwl0a,1
http://paypal.wallet.00mf9a.swiggy-xry9.xyz/index.php?user=lrkaih&token=n0soqvvgflk7pxdj8msh,1
http://swiggy.com/about,0
https://wikipedia.org@p6x4svxhx.ml/update,1
https://python.org/products/item-134,0
https://www.flipkart.com/docs/getting-started,0
https://www.coursera.org,0
http://update-facebook-dd372.zip:8080/dtf2533uot47,1
http://147.235.153.82/amazon/verify.html,1
https://google.com/wiki/history,0
https://microsoft.com/products/item-745,0
http://coursera.org/help/contact,0
https://github.com/,0
http://stackoverflow.com/docs/getting-started,0
http://188.196.49.84/paypal/billing.html,1
https://wikipedia.org,0
https://www.github.com,0
https://zomato.com/help/contact,0
http://hdfclogin34.xyz/wp-content/1mz7ko/login%2F0ql4t%3Dc9yv,1
http://amazon.login.wrswg5.irctc.c-5s22.ga/index.php?user=2j0crs&token=0sjjjbuul0hhgwq5p43f,1
http://stackoverflow.com/help/contact,0
http://flipkart.com/products/item-18,0
https://python.org/user/history/profile,0
http://202.156.166.253/hdfc/signin.html,1
https://nytimes.com/products/item-763,0
http://hdfc-account.22sr8w.cam/account/nac1pmad.php,1
http://who.int/category/games/page/956,0
https://nytimes.com@5h3v8boo9.icu/login,1
https://google.com@bei13hesh.tk/wallet,1
http://iciciwallet36.ml/wp-content/nw8ex6/wallet%2Fwaqpv%3D2xn7,1
https://mit.edu@okaewf8kp.top/verify,1
http://youtube.com/help/contact,0
https://github.com/docs/getting-started,0
http://google-wallet.62j77rueoc.work/wallet/7jnx894i.php,1
http://bit.ly/32h1k9q,1
http://paypal-login.6ru3t2.ga/login/8sie7coc.php,1
http://amazon.verify.j1wmpq.google-0vzr.ml/index.php?user=pblxmh&token=9ch1jfgmgwutnyjnmxwl,1
http://133.75.79.204/facebook/signin.html,1
http://paypal.verify.dsp7io.irctc.c-s9w2.cf/index.php?user=4xvofx&token=jx0gopdiorxb6hxck1ff,1
http://amazon.in/,0
https://google.com/docs/getting-started,0
http://paypal.confirm.l7s47t.stackoverflow-y2at.ml/index.php?user=gxi9c7&token=0trvtfmrmq9pkl48hb1n,1
http://linkedin.com/category/finance/page/771,0
http://appleupdate34.zip/wp-content/7uv48p/update%2Fbowvh%3Dd7b4,1
http://zomato.com/search?q=health,0
http://bbc.co.uk/about,0
https://nasa.gov/wiki/news,0
http://amazonupdate24.click/wp-content/gmucji/update%2F7ekvz%3Darhd,1
http://nytimes.com/category/games/page/451,0
http://netflix-secure.htf1rxgt.tk/secure/xafc79n1.php,1
http://icici.signin.cx7ly6.mit-ewud.zip/index.php?user=30e47l&token=qzgh2ytesne8qpu45b3a,1
https://medium.com/user/health/profile,0
http://paypalsignin63.cf/wp-content/k5tsg5/signin%2Fgqvau%3Dgs66,1
http://facebook.signin.vb6dbd.python-mx5l.top/index.php?user=77ibrs&token=jox505xf36l3exts6y3c,1
http://amazonaccount25.work/wp-content/q0iw3d/account%2F1cz5u%3D5mtx,1
https://who.int@fxew8afgq.tk/update,1
http://microsoft.support.d0e8c6.irctc.c-60u2.xyz/index.php?user=0e26ps&token=rc4dwc279igffen1677s,1
https://github.com/category/health/page/770,0
https://www.hdfcbank.com/about,0
http://170.217.131.64/facebook/confirm.html,1
http://bit.ly/7hbvpxn,1
https://www.swiggy.com,0
http://paypal-login.idl8l.top/login/gh8rfc9v.php,1
https://www.nytimes.com/products/item-574,0
http://zomato.com/search?q=history,0
http://netflix.confirm.8j1923.coursera-cidr.ga/index.php?user=6k3lyy&token=z7prtdqijd44y3npz5gp,1
https://www.stackoverflow.com/help/contact,0
https://mit.edu@tglqkbec5.top/signin,1
http://google.com/docs/getting-started,0
https://wikipedia.org/blog/2024/recipes,0
http://apple-billing.59z6ns.work/billing/m3v3dqju.php,1
https://who.int/help/contact,0
https://www.reddit.com/category/music/page/980,0
https://www.microsoft.com,0
http://zomato.com/blog/2024/news,0
http://211.177.233.97/facebook/support.html,1
http://flipkart.com/watch?v=sjp753k48ol,0
http://applebilling22.cf/wp-content/robb8w/billing%2F63qbv%3Dqchn,1
https://amazon.in@x116dbjx5.xyz/signin,1
http://85.38.62.108/paypal/billing.html,1
http://sbi.secure.1l6ke3.bbc.c-ezfd.work/index.php?user=j6bsc8&token=awrikhkog95n8injzwvt,1
http://support-sbi-b6j39.xyz:8080/3oxesp7j6v45,1
https://who.int/,0
http://signin-sbi-pggmi.cam:8080/nudc32gy422k,1
https://linkedin.com/search?q=laptop,0
http://paypalsignin97.tk/wp-content/xxgsh4/signin%2Fvwtv7%3Dk5ug,1
https://www.who.int/user/history/profile,0
https://python.org,0
http://hdfc-signin.vysikjazf.ga/signin/7489nzhq.php,1
https://www.zomato.com/products/item-776,0
https://www.bbc.co.uk,0
https://www.coursera.org/user/laptop/profile,0
http://bit.ly/31lycfv,1
https://microsoft.com/,0
http://facebook.account.q6x5ld.wikipedia-qu30.ga/index.php?user=ex7ki1&token=39do70iu7hwlwzub3zup,1
https://amazon.in/search?q=finance,0
http://nytimes.com/blog/2024/games,0
https://stackoverflow.com/search?q=news,0
http://netflix.secure.4qqj3a.nytimes-rquk.cam/index.php?user=jf8rqc&token=vmkc11xhwcbzujboo0f0,1
http://stackoverflow.com/,0
http://41.110.160.179/icici/account.html,1
https://stackoverflow.com/category/laptop/page/803,0
https://www.zomato.com/user/python/profile,0
https://nytimes.com/blog/2024/laptop,0
https://www.nytimes.com,0
http://netflix-billing.edrv5ij.zip/billing/3jl9tdcc.php,1
http://facebook-verify.x76bt3p.xyz/verify/pe690cwb.php,1
http://apple-account.esis69o.cam/account/p2c8hh41.php,1
http://paypal.wallet.ktkp2p.nasa-gavh.cf/index.php?user=i6t0yc&token=u7r97rqqio1qlml5h6sw,1
https://www.python.org/user/laptop/profile,0
https://nasa.gov/category/laptop/page/249,0
https://www.irctc.co.in/user/music/profile,0
https://sbi.co.in@qd7j3h2wm.ga/secure,1
http://linkedin.com,0
https://www.nytimes.com/wiki/travel,0
https://youtube.com/wiki/history,0
http://hdfcbank.com,0
https://www.reddit.com/about,0
http://hdfc.login.blwvf3.nasa-zpi2.ga/index.php?user=88h23t&token=u8lm7xxcn3on4fg0djq1,1
http://irctc.co.in/category/news/page/206,0
http://hdfc-billing.w96jdl.ml/billing/m61yq6nx.php,1
http://bit.ly/oj9bmay,1
https://www.hdfcbank.com/docs/getting-started,0
http://amazon.secure.5dm5nq.medium-12xc.cam/index.php?user=6vi7ep&token=03lk0qd2azktvezlbuxk,1
https://www.sbi.co.in/,0
http://hdfc-billing.5ec0tw4.xyz/billing/hmvfcmq0.php,1
http://netflix.billing.odmx0r.stackoverflow-olxq.icu/index.php?user=wlifnn&token=t4yu8m0kr7dob261jx1o,1
http://paypal-secure.qhzgirickw.ga/secure/lkwes65o.php,1
https://nytimes.com@dq851zfsz.zip/billing,1
http://218.196.27.176/paypal/signin.html,1
https://microsoft.com/wiki/news,0
http://apple.verify.l6dxje.swiggy-otpt.ga/index.php?user=318yw1&token=dgtg6zom2oyhz3ugb5mc,1
http://facebook.billing.g15r83.nasa-stxm.cf/index.php?user=zi9y8u&token=40qcu5wmg7f10tb81ouv,1
http://google.com/about,0
https://linkedin.com/help/contact,0
https://stackoverflow.com@hk0veyd5m.top/update,1
http://amazon-confirm.524qbssall.icu/confirm/htahowrp.php,1
http://wallet-microsoft-pgn3s.cf:8080/2w1ixu1oubnl,1
https://bbc.co.uk/help/contact,0
https://hdfcbank.com/search?q=travel,0
http://update-netflix-6z6el.icu:8080/canrtlq74fcm,1
https://mit.edu/help/contact,0
http://googlebilling74.click/wp-content/8yfotu/billing%2Fx6j1y%3Dgskq,1
https://www.reddit.com/,0
https://www.amazon.in,0
http://hdfc.secure.175stu.swiggy-f2jj.icu/index.php?user=lp4l1g&token=22oh8fzuo88v78rz5cwc,1
https://flipkart.com/user/music/profile,0
http://amazon-support.nse13dww.ml/support/8dxajxmb.php,1
http://amazonaccount5.cam/wp-content/sh3mok/account%2Fbmjlu%3Dupgn,1
https://bbc.co.uk/search?q=science,0
http://161.173.246.50/netflix/login.html,1
https://www.flipkart.com/blog/2024/finance,0
http://verify-apple-n4vaq.cam:8080/6jc15gyiccwb,1
https://github.com/about,0
https://mit.edu,0
https://medium.com@srnh2ph1d.click/billing,1
https://stackoverflow.com/user/travel/profile,0
https://stackoverflow.com@mjq0h4s41.zip/update,1
https://www.nasa.gov/help/contact,0
http://amazon-signin.7hkhbedbp.cf/signin/bx2x02bn.php,1
http://86.103.146.28/sbi/account.html,1
http://amazon.in/docs/getting-started,0
http://appleconfirm38.top/wp-content/zbaive/confirm%2Fkt478%3D1gx5,1
http://bit.ly/d6eaf0e,1
http://update-google-nibth.icu:8080/05ys0wi4iuyd,1
https://medium.com/docs/getting-started,0
http://update-microsoft-j9ycs.work:8080/rk5slsbjlvy6,1
http://zomato.com/wiki/laptop,0
http://sbi-secure.jm0c55l23.cf/secure/uum55ugp.php,1
http://youtube.com/about,0
https://zomato.com/watch?v=xle0bct324z,0
http://netflix.billing.t9hgyr.nasa-napd.work/index.php?user=hy2xlb&token=l9sa86aofw8xuj5ye8wh,1
http://sbi.co.in/,0
http://71.248.230.50/sbi/signin.html,1
https://stackoverflow.com/products/item-77,0
https://www.nasa.gov/search?q=finance,0
https://nasa.gov/wiki/recipes,0
https://sbi.co.in/watch?v=n7e36htf4py,0
https://apple.com/watch?v=5050ui22kx7,0
https://www.bbc.co.uk,0
http://sbi-account.helhrx5m.xyz/account/8nzf6yxi.php,1
https://www.sbi.co.in/search?q=history,0
http://icici-account.hyvzyv.cf/account/9binmyxd.php,1
https://nytimes.com/products/item-69,0
http://203.132.152.49/sbi/billing.html,1
http://swiggy.com/help/contact,0
https://www.bbc.co.uk/docs/getting-started,0
http://bit.ly/cqaooxj,1
http://netflix.login.rustqf.python-soh5.cam/index.php?user=v6kpwd&token=mj3z7w7n0s6wst0xo2de,1
https://swiggy.com/watch?v=y5sic4s8pnn,0
https://www.google.com/watch?v=56bnvsfa6d9,0
https://google.com@teq3cyfwp.cam/verify,1
http://19.158.7.236/hdfc/signin.html,1
http://apple-login.wf6pzifs.zip/login/4s5qtydv.php,1
https://mit.edu/help/contact,0
http://medium.com/user/sports/profile,0
https://reddit.com/search?q=finance,0
http://facebook-account.v6jnsczk.tk/account/m9x9e82i.php,1
http://89.231.83.113/paypal/account.html,1
http://google.signin.4cn4wq.google-9hkd.work/index.php?user=6k7rmn&token=zsyhripvtab38lstu0cg,1
http://paypal.update.oqcucj.mit-nl8j.xyz/index.php?user=31wvhq&token=ueu1oqy4akl7xzvzyyic,1
https://www.irctc.co.in/watch?v=n9t8jus1xib,0
https://bbc.co.uk/about,0
http://flipkart.com/user/news/profile,0
https://medium.com/category/python/page/306,0
http://netflix.login.blcqzj.hdfcbank-2zqy.tk/index.php?user=jm3pps&token=ohxf823qxawtci9su6d1,1
http://paypal-wallet.fnmdlsxj.ga/wallet/n82ijw95.php,1
http://bit.ly/peqw6yq,1
http://179.150.255.104/icici/billing.html,1
https://swiggy.com/user/recipes/profile,0
http://hdfcupdate30.click/wp-content/tx57ly/update%2Fq9vj2%3Dvdy6,1
http://github.com/blog/2024/recipes,0
https://apple.com/search?q=music,0
https://hdfcbank.com@cbisc01qa.ml/verify,1
https://www.zomato.com/wiki/recipes,0
http://apple.com,0
http://facebook.billing.22ejpk.github-p39v.tk/index.php?user=hg9p01&token=zulgtdt2sgngyf4tpa50,1
https://stackoverflow.com/wiki/recipes,0
https://www.bbc.co.uk/blog/2024/health,0
https://www.mit.edu,0
https://medium.com@0fp64thu9.zip/signin,1
http://bit.ly/c6bbx4i,1
https://reddit.com/,0
http://hdfc-billing.563025sdi1.ga/billing/5h25zhl0.php,1
https://google.com/category/recipes/page/660,0
http://bbc.co.uk/about,0
http://hdfc-signin.b8i3zeqqfl.ml/signin/nojknpn8.php,1
https://who.int/,0
http://icici-signin.jk66ke9.cf/signin/jfo2atz4.php,1
https://apple.com/user/games/profile,0
https://nytimes.com/help/contact,0
http://icici.secure.59h2e0.microsoft-4cuy.work/index.php?user=f84typ&token=3zus98xuhxxcdxf1q2b7,1
http://netflixsignin48.ml/wp-content/vc1u5w/signin%2F2k2ub%3D5zr8,1
http://login-google-jhbqi.xyz:8080/1ymufxwt4snh,1
http://netflix.signin.p0amts.google-ynxj.work/index.php?user=5yhy8n&token=59ul59k1amo4u8rlez66,1
http://hdfcbank.com,0
http://bit.ly/st9lifi,1
http://facebook-login.vh2vft6i.top/login/6s7pk67i.php,1
https://python.org/wiki/travel,0
http://googlebilling85.work/wp-content/30kf8v/billing%2Fd3rrj%3D1cmd,1
http://paypalsecure91.click/wp-content/l9nypu/secure%2F87h0p%3Dosqf,1
https://nasa.gov/blog/2024/recipes,0
http://bit.ly/budu7xx,1
https://www.apple.com/watch?v=eprs82gj8k8,0
https://apple.com/docs/getting-started,0
https://www.apple.com/category/laptop/page/466,0
http://sbi-account.nn9nsra.work/account/nu8akhy7.php,1
https://www.nytimes.com,0
https://coursera.org/category/health/page/434,0
https://nasa.gov/watch?v=6rl0nwrn57l,0
http://microsoft-login.r00nhpa169.ga/login/dtqm73d9.php,1
http://google.com/docs/getting-started,0
https://stackoverflow.com,0
http://medium.com/blog/2024/recipes,0
http://microsoft-billing.2fqqi5eqzp.icu/billing/pw624u41.php,1
http://43.166.47.188/paypal/support.html,1
http://update-amazon-hts1p.xyz:8080/2k6mu0d1tt03,1
http://wikipedia.org/category/games/page/10,0
http://amazon-confirm.h2udx1zfm.ga/confirm/q6i4bhmy.php,1
https://google.com/about,0
https://zomato.com/products/item-489,0
http://signin-icici-1xsd0.cam:8080/nkvdkipdhsp2,1
https://www.microsoft.com/blog/2024/music,0
http://paypal-billing.iej2it97b.cf/billing/lsvyyaxn.php,1
http://sbi-wallet.s0kdy.cam/wallet/8lwkhrzf.php,1
http://paypal-billing.bksrpams1.cam/billing/26i93cvf.php,1
http://156.21.97.84/amazon/update.html,1
https://medium.com/blog/2024/travel,0
https://wikipedia.org/docs/getting-started,0
https://mit.edu@op6vmjobr.click/confirm,1
https://apple.com/docs/getting-started,0
https://sbi.co.in/help/contact,0
https://www.irctc.co.in/wiki/science,0
http://microsoft.com/category/history/page/947,0
https://www.wikipedia.org/help/contact,0
https://python.org/user/history/profile,0
http://amazon-support.azyw6weyu.ga/support/k6bcdfqv.php,1
http://186.30.51.199/hdfc/verify.html,1
http://google.account.p8aacj.swiggy-2hls.work/index.php?user=0qlfti&token=211wy6rr79iv2f1fk0il,1
http://114.111.171.138/apple/wallet.html,1
https://bbc.co.uk/about,0
https://mit.edu/search?q=sports,0
http://reddit.com/products/item-465,0
https://irctc.co.in/category/recipes/page/327,0
http://irctc.co.in,0
https://reddit.com/docs/getting-started,0
https://hdfcbank.com/search?q=laptop,0
http://nytimes.com/,0
https://www.swiggy.com,0
http://google.wallet.ehho0a.sbi.c-m72c.cf/index.php?user=6z5tpw&token=y0tuzg2vg35xdku6jeda,1
http://python.org/watch?v=lo0hhgh5xw6,0
http://bit.ly/z6aaivw,1
https://coursera.org@8bc4pw8zw.ml/support,1
https://google.com@uqhbp7po9.click/login,1
https://microsoft.com/search?q=recipes,0
http://google-billing.2agif4st.icu/billing/5tvgoajn.php,1
https://hdfcbank.com@841lcljz9.cf/billing,1
http://nasa.gov/wiki/games,0
http://paypal.verify.qvioc0.irctc.c-mzwq.ga/index.php?user=dbdpv4&token=rewmub4f0miz8qajxhrm,1
https://github.com/wiki/laptop,0
http://bit.ly/62nk7hl,1
https://youtube.com@losalsul8.cf/confirm,1
http://wallet-sbi-q0kt6.top:8080/b8uolyiwd52s,1
http://icici.account.d8gbni.irctc.c-yrzl.click/index.php?user=z72j8d&token=y0u7033zujciuhd1o6ou,1
https://www.mit.edu/docs/getting-started,0
https://www.youtube.com/search?q=music,0
http://199.130.69.117/sbi/account.html,1
https://microsoft.com@wcfie6kn0.tk/confirm,1
http://billing-amazon-8bujd.click:8080/s0sp8jb6l4pe,1
http://amazon.wallet.t4gc5i.github-kb74.tk/index.php?user=56bfyw&token=372viuadj725u0332w04,1
https://hdfcbank.com@w9a8rwho3.ml/login,1
https://coursera.org/user/sports/profile,0
https://coursera.org/products/item-142,0
http://netflix-support.0molrv4.tk/support/dgqvtakl.php,1
http://100.165.4.219/microsoft/signin.html,1
https://nytimes.com/category/history/page/889,0
https://youtube.com@9m2kktbk5.cf/billing,1
https://flipkart.com/category/python/page/779,0
https://hdfcbank.com@4fc06hgfl.cf/verify,1
http://microsoft-update.r3i93q.xyz/update/f2hp4c3f.php,1
http://bbc.co.uk/user/science/profile,0
https://python.org@8kaiwjwxy.work/signin,1
http://hdfcconfirm33.click/wp-content/vryl36/confirm%2Fq556r%3Dglcs,1
http://27.50.202.132/sbi/account.html,1
https://microsoft.com@qw5259gmq.click/login,1
https://nasa.gov/blog/2024/sports,0
https://nytimes.com@h1ptxgsrm.cf/billing,1
https://linkedin.com/docs/getting-started,0
https://bbc.co.uk/about,0
http://microsoft-secure.cj9zqnkyp.tk/secure/1m2vc8bz.php,1
http://amazonsecure30.xyz/wp-content/kzgg1p/secure%2Frf3l4%3Djxgy,1
https://wikipedia.org,0
http://update-netflix-vdzv1.xyz:8080/9547kpuwfbq2,1
http://apple.com/category/science/page/315,0
https://www.mit.edu/,0
https://who.int/help/contact,0
http://apple.login.tg8bka.who-v0ig.tk/index.php?user=bv7u2a&token=ja7hawqduily7e5rxrmj,1
http://paypal.verify.qnrshf.github-9yxy.click/index.php?user=12o5ml&token=hz14euabpne525xgcnay,1
https://www.who.int/,0
http://netflix-secure.pcbflun3.xyz/secure/ypq5lyyp.php,1
https://sbi.co.in/about,0
http://stackoverflow.com/help/contact,0
https://youtube.com@5ep3nq6fx.ga/wallet,1
http://129.172.87.56/facebook/support.html,1
http://account-netflix-5uqol.ga:8080/f8mjl8n0ywq7,1
http://microsoft.com/docs/getting-started,0
http://201.37.40.109/paypal/signin.html,1
http://microsoft.confirm.yxwl96.apple-5pay.work/index.php?user=j30amx&token=e2nfzkxy2ya9mub6qfy2,1
https://microsoft.com@2vdsizb25.icu/billing,1
https://coursera.org/category/history/page/880,0
http://bit.ly/79omyj0,1
https://swiggy.com/,0
https://mit.edu@i5mmqebbe.work/login,1
http://microsoft.com/watch?v=349el8hl88k,0
http://bbc.co.uk/docs/getting-started,0
https://apple.com/category/history/page/733,0
http://icici.support.h7tnvo.youtube-8inr.ga/index.php?user=1s4vuv&token=a1si69ktiv06kbkkqgbe,1
https://sbi.co.in/help/contact,0
http://hdfc.account.74t355.bbc.c-zqxu.top/index.php?user=2c67ai&token=bxjunms9m6egzgaap5uv,1
http://icicisecure8.zip/wp-content/rcbjs4/secure%2Ft1jwx%3Divor,1
https://swiggy.com@77nthge1s.work/signin,1
http://applesignin36.top/wp-content/4lh19l/signin%2F8oexn%3Dtjw3,1
http://secure-google-xjjvh.click:8080/oiqnd8m52gcf,1
http://paypal.verify.uoc2t4.flipkart-8yj9.zip/index.php?user=ohnjyp&token=ogx49jmz43d3zb28mcli,1
https://microsoft.com/wiki/science,0
https://www.linkedin.com/search?q=python,0
http://paypal.wallet.9e6xii.stackoverflow-ha6l.icu/index.php?user=zkbr7g&token=4mjze72hm2irc2o2kp3j,1
https://stackoverflow.com/search?q=travel,0
http://signin-sbi-vv6f4.xyz:8080/euxhq5r7a2p4,1
http://94.134.25.85/google/wallet.html,1
http://swiggy.com/search?q=science,0
http://facebooksignin50.ga/wp-content/oy3c6x/signin%2Ft4u2i%3D1w5e,1
https://stackoverflow.com/category/python/page/228,0
http://microsoft.com/category/history/page/728,0
http://microsoft-signin.3u4ooxa.zip/signin/8rnmbb3r.php,1
https://www.youtube.com/products/item-344,0
http://amazonsecure47.ga/wp-content/2g3rxo/secure%2Fkpi1t%3Dsqac,1
http://apple-billing.fmindme6p5.work/billing/qdhngeox.php,1
https://www.coursera.org/blog/2024/laptop,0
https://www.sbi.co.in,0
http://microsoft.com/user/health/profile,0
https://irctc.co.in@xn6i8blie.top/signin,1
https://zomato.com/wiki/health,0
http://microsoft.update.hav6xh.amazo-m0p8.icu/index.php?user=75knor&token=tlqbk2whz3m21o5k3cko,1
https://linkedin.com/blog/2024/history,0
https://www.python.org/blog/2024/news,0
https://www.microsoft.com/help/contact,0
https://python.org/user/news/profile,0
https://wikipedia.org@yuolnlpr9.ml/update,1
http://support-facebook-vdn0a.ml:8080/59wagp510lgs,1
http://amazonupdate38.icu/wp-content/rm28r3/update%2Fxmv6u%3Dvg7k,1
http://flipkart.com/help/contact,0
http://google.verify.zbgqox.medium-k7yn.top/index.php?user=k76k9a&token=geiz2wzfikr41ikjnc8w,1
http://microsoft.com/,0
http://googlesecure38.cf/wp-content/0fh2tn/secure%2F8b8zu%3Dfjwf,1
https://reddit.com/docs/getting-started,0
http://75.241.143.22/sbi/verify.html,1
http://microsoft.secure.ivpido.medium-m4gh.xyz/index.php?user=domspf&token=qlfqebiwrcqla6m04ypr,1
http://stackoverflow.com/blog/2024/news,0
http://197.76.30.159/hdfc/secure.html,1
http://paypalsecure62.ml/wp-content/x49t0z/secure%2F4o75r%3Dddhn,1
https://www.mit.edu/watch?v=epo772nrcmu,0
https://coursera.org/about,0
http://netflix-verify.nr1cgw.xyz/verify/j9s8u287.php,1
http://186.40.232.148/apple/billing.html,1
http://netflix-update.6reaguu.work/update/cqb39bw4.php,1
https://www.stackoverflow.com/help/contact,0
http://bit.ly/bc3oko3,1
https://www.apple.com/docs/getting-started,0
http://applelogin49.icu/wp-content/r0k8oi/login%2Fg4e8q%3Denvg,1
http://sbiverify4.zip/wp-content/vs1vuc/verify%2Fahogf%3Djk3g,1
http://account-facebook-2595e.cam:8080/y4948jo5xmdd,1
http://bit.ly/ub24gc9,1
https://www.python.org/user/history/profile,0
http://hdfc.login.co59av.bbc.c-shcu.zip/index.php?user=jlc1l8&token=b7k0mhihtfk8mklbc550,1
http://64.121.56.207/icici/login.html,1
http://apple.secure.e32te5.nasa-gnid.ga/index.php?user=p3ldjd&token=1xbdyqixycgu3i2sk9zy,1
http://128.80.25.159/netflix/login.html,1
https://nytimes.com/help/contact,0
http://applesignin30.cf/wp-content/5quh67/signin%2Fqxj92%3D650i,1
http://facebook-billing.ubu37m.ml/billing/yf01nwq1.php,1
https://apple.com/user/python/profile,0
https://github.com/docs/getting-started,0
https://reddit.com/docs/getting-started,0
https://microsoft.com/,0
http://netflixverify58.ga/wp-content/fvbfej/verify%2Frk2lb%3Dimnz,1
http://apple-confirm.ozujv.cam/confirm/1cijjrx3.php,1
http://medium.com/,0
http://swiggy.com/docs/getting-started,0
http://197.97.41.107/apple/confirm.html,1
http://signin-facebook-g8on5.work:8080/eqcbz45g5vwx,1
https://stackoverflow.com/blog/2024/games,0
https://nasa.gov/category/sports/page/175,0
http://icici-verify.2ibjvsl.top/verify/rdmzvxy1.php,1
http://98.101.186.12/amazon/billing.html,1
http://coursera.org/user/games/profile,0
http://218.39.221.155/amazon/billing.html,1
http://googlesecure26.xyz/wp-content/1etllg/secure%2F3t9pc%3D72eq,1
http://bit.ly/9kgy2tw,1
http://mit.edu/user/news/profile,0
https://reddit.com/docs/getting-started,0
https://nytimes.com,0
http://27.127.222.195/amazon/signin.html,1
https://wikipedia.org/docs/getting-started,0
http://account-apple-2wzoi.ga:8080/v10jh6zaz505,1
https://irctc.co.in/,0
https://www.bbc.co.uk/category/recipes/page/512,0
http://medium.com/search?q=laptop,0
http://sbi-login.6roczq1.work/login/fzxfcn0e.php,1
https://python.org/user/finance/profile,0
http://netflix.support.73yao3.sbi.c-gzv6.work/index.php?user=su1lqx&token=t229q7ivqhxsipnarur3,1
http://63.239.193.242/sbi/support.html,1
https://python.org/products/item-43,0
https://microsoft.com/user/python/profile,0
http://google.wallet.mi9zu1.amazo-iclw.cam/index.php?user=2wz8em&token=2bga7scpav7qa80ehapw,1
https://hdfcbank.com/help/contact,0
https://www.medium.com/help/contact,0
http://nytimes.com/help/contact,0
https://microsoft.com/watch?v=sav9cng8tan,0
https://www.github.com/search?q=recipes,0
http://google-billing.htuw52rb3b.top/billing/ihf19j2v.php,1
http://google-account.sqizrj4.cam/account/8l94wozr.php,1
http://sbiconfirm57.ml/wp-content/xss3sv/confirm%2Fy65qi%3D2wjj,1
http://hdfc-billing.qbgxw4vgl8.work/billing/qw99ykyo.php,1
http://65.163.86.141/facebook/account.html,1
http://135.69.48.213/microsoft/update.html,1
https://amazon.in/watch?v=6bhyz1ov5vx,0
https://hdfcbank.com/,0
http://netflix-wallet.mrijpuk.top/wallet/62y8t150.php,1
https://nytimes.com/about,0
https://flipkart.com/docs/getting-started,0
https://medium.com@lc65q2efh.top/secure,1
http://hdfc-account.ocec3091ky.ml/account/v7jjfumy.php,1
https://stackoverflow.com/watch?v=blupph3nwx0,0
https://wikipedia.org/products/item-945,0
http://paypal.wallet.7bpj4t.irctc.c-020z.work/index.php?user=tx6p8z&token=5d5eusc74c5ai4324h90,1
http://amazon-support.vft9o.cam/support/07fs0gd5.php,1
http://bit.ly/6qvj2c5,1
https://www.apple.com,0
http://verify-netflix-e4k2v.ga:8080/4zppz99fmk3p,1
http://icicibilling2.ga/wp-content/qoyjsa/billing%2Fzidrc%3Dtypw,1
https://www.hdfcbank.com/wiki/music,0
http://google.login.2tvdnh.wikipedia-fkbz.cf/index.php?user=y0z7pr&token=b6x6tws79cthk8qd11pi,1
http://login-google-otcj8.xyz:8080/1rtaogze5xff,1
http://signin-google-xmw7u.work:8080/7v9opcghjlz2,1
http://mit.edu/help/contact,0
http://linkedin.com/user/history/profile,0
https://reddit.com@7cm4iwtaq.tk/support,1
https://hdfcbank.com@ueys2n3k8.ml/billing,1
http://iciciupdate40.cf/wp-content/d019lz/update%2Fh3yc0%3Dklr7,1
http://amazon-support.pzkcd6yu1.top/support/dzqionb7.php,1
https://youtube.com/products/item-973,0
http://wikipedia.org,0
http://paypal-verify.vkso8.cam/verify/ap90ok11.php,1
https://python.org@lfwafn214.cf/confirm,1
https://flipkart.com/watch?v=5g77lk6hqiv,0
https://python.org/search?q=music,0
https://reddit.com@kixsx097n.cam/confirm,1
https://microsoft.com@xh5lqxxeg.ml/account,1
https://reddit.com@n6c4w713q.icu/account,1
http://icici.update.91yfop.github-n5a5.cam/index.php?user=w9xxlu&token=imnm4zpdop6hd7lg1efl,1
http://wikipedia.org/search?q=sports,0
https://microsoft.com/search?q=python,0
http://amazonsignin16.zip/wp-content/f3edpv/signin%2Fgnyhc%3D1rhl,1
https://nytimes.com/,0
http://update-netflix-ac1pu.xyz:8080/vd3xak74f5zq,1
http://icicilogin64.ga/wp-content/botzl9/login%2Fdo0fk%3D46wq,1
https://zomato.com/about,0
http://amazon-verify.4mks9v.icu/verify/ioifji11.php,1
http://209.99.177.69/apple/account.html,1
https://coursera.org/products/item-805,0
https://flipkart.com@gpj4wdxdn.top/wallet,1
https://bbc.co.uk/watch?v=do4s41cro04,0
http://apple-confirm.khdy4.click/confirm/qf1adfq9.php,1
https://youtube.com@ablb5y97l.cam/signin,1
https://www.python.org/user/music/profile,0
http://google-update.9upsrgi9p.work/update/8tfxsw3h.php,1
http://mit.edu/user/games/profile,0
https://swiggy.com/user/music/profile,0
http://bit.ly/klmszcl,1
http://youtube.com/watch?v=tr4b5ud6gka,0
http://google.billing.ydi9wm.irctc.c-jfeg.cf/index.php?user=h1vowd&token=186t2pxm8ec4nnz49nq3,1
https://www.nasa.gov/help/contact,0
http://sbi-wallet.citeg.icu/wallet/b1dindlf.php,1
http://verify-paypal-942ir.icu:8080/jji6cmyul3di,1
http://flipkart.com/help/contact,0
http://sbi-verify.myxbd07q.xyz/verify/2jbtzgtl.php,1
http://72.168.223.241/facebook/update.html,1
http://hdfc-verify.2w4054g8qd.cam/verify/e12wuw60.php,1
http://microsoft.signin.0ce91t.amazo-5ahc.cf/index.php?user=0okrcw&token=9ibgjewvpg6vc4paiiuc,1
http://medium.com/category/music/page/908,0
http://amazon.in/wiki/news,0
https://bbc.co.uk/wiki/health,0
http://zomato.com/search?q=python,0
http://google-wallet.7xtx42.icu/wallet/d13a3aoz.php,1
http://hdfc-verify.bxp6s26ib.icu/verify/hrbp9fez.php,1
http://mit.edu/user/travel/profile,0
http://112.86.79.50/apple/confirm.html,1
http://amazon.in/about,0
http://icici.support.brdqj3.sbi.c-orne.tk/index.php?user=ee0jq9&token=rvn97y8xltnvv1gfbchz,1
http://facebook-account.i5nc0mhx.click/account/boh5743f.php,1
http://91.46.79.53/netflix/update.html,1
http://icici-support.n5o2y.click/support/s5fvl5nt.php,1
http://sbisignin82.cam/wp-content/1q5f7x/signin%2Fkkjja%3Dr4gz,1
http://icici.secure.z4pe05.sbi.c-rk6m.zip/index.php?user=8r8dwp&token=zkg84ynerv8jhe9fi3m5,1
http://swiggy.com/wiki/finance,0
http://128.117.227.203/netflix/verify.html,1
https://zomato.com/about,0
http://amazonsecure55.ml/wp-content/pbqnle/secure%2F7h97x%3D1rz6,1
http://netflix-secure.sgfsuzc2.click/secure/1unc7wwg.php,1
https://google.com/help/contact,0
http://zomato.com/docs/getting-started,0
http://bit.ly/5s45nmt,1
https://hdfcbank.com/category/history/page/134,0
http://50.112.188.93/netflix/wallet.html,1
https://www.apple.com/docs/getting-started,0
https://swiggy.com/docs/getting-started,0
http://amazon.in/help/contact,0
http://secure-hdfc-97pnp.cam:8080/fzbprbivhn4r,1
http://googlesignin89.cam/wp-content/uzrddn/signin%2F7p29e%3Duq3p,1
http://apple-support.qefrsatqv.top/support/9ob3mqw2.php,1
https://irctc.co.in@v0up5wt5f.zip/confirm,1
https://www.mit.edu/about,0
https://irctc.co.in/about,0
http://wallet-paypal-5qwqm.top:8080/kqi028h1v8sv,1
https://mit.edu/search?q=games,0
http://paypal.confirm.c2jkm0.flipkart-6umh.cam/index.php?user=4gblck&token=uhyd07dvrmy93pomv7mb,1
https://nasa.gov@i5d3lcqxi.cam/login,1
http://174.183.80.206/netflix/signin.html,1
http://hdfcsignin61.ga/wp-content/7qbi4m/signin%2Fu4qp4%3Dulpq,1
https://nytimes.com/watch?v=dxc6rijkq2z,0
https://nytimes.com/watch?v=wyzxjqyjv84,0
http://facebookbilling68.ml/wp-content/7f3lyi/billing%2F3ndff%3Dy15p,1
https://linkedin.com@zetvllbtx.click/verify,1
https://www.amazon.in/help/contact,0
http://facebookwallet14.tk/wp-content/qvrua7/wallet%2Fbl11c%3Dpgw9,1
https://who.int/about,0
http://facebook-update.pi34zat.xyz/update/z8rbj5yq.php,1
https://amazon.in/user/news/profile,0
http://confirm-apple-rv32i.xyz:8080/i8k179yixmhv,1
http://sbi.co.in/blog/2024/history,0
http://coursera.org/blog/2024/finance,0
http://reddit.com/category/news/page/979,0
http://paypal.support.e1jqqx.amazo-dq30.icu/index.php?user=pegz5g&token=64ih630dx4ntqvnmd8iy,1
http://icici-login.gkmq8.top/login/dnb0xdku.php,1
https://nasa.gov/user/history/profile,0
http://zomato.com/blog/2024/history,0
https://reddit.com/wiki/health,0
http://medium.com/user/history/profile,0
http://hdfc-verify.f28nwnl2ur.xyz/verify/qn3bznhw.php,1
https://bbc.co.uk/wiki/history,0
https://youtube.com@0sxnw3w90.cam/confirm,1
http://apple.verify.pdjnl7.medium-1i3e.ml/index.php?user=yj5q0s&token=9ajygzcuj1u5xi18t150,1
http://facebookverify78.tk/wp-content/5h7yd9/verify%2Fmiznq%3D782d,1
http://flipkart.com/help/contact,0
http://148.135.43.152/apple/confirm.html,1
http://apple.support.t7663c.bbc.c-2xcv.top/index.php?user=96q3qz&token=d2lguqionmc7icku92qq,1
https://flipkart.com@pzygwezuv.icu/wallet,1
https://www.irctc.co.in/category/python/page/368,0
http://facebook.secure.dplhrt.github-qcly.top/index.php?user=vmzsv6&token=62k61gpzrv2h24p1avft,1
http://netflixupdate40.work/wp-content/p1dzxg/update%2Fuakvx%3Dt2fh,1
https://hdfcbank.com/help/contact,0
http://hdfc-confirm.uzf01svb.icu/confirm/8q3518rw.php,1
http://apple.com/search?q=history,0
http://appleconfirm49.tk/wp-content/8ehivm/confirm%2F4ylhg%3Do1kp,1
http://google.secure.s78kb2.wikipedia-hccl.cf/index.php?user=xntxlp&token=up0t2k5clf0xsz6xj3an,1
https://flipkart.com/about,0
https://www.medium.com/about,0
http://sbilogin48.tk/wp-content/z5g46t/login%2Fzmv6r%3Dl7gj,1
https://medium.com/watch?v=zvr8vbyezd4,0
https://github.com@s2rrtxvf4.icu/signin,1
https://microsoft.com/,0
http://sbiupdate48.cf/wp-content/d2igdx/update%2Fbz392%3Dn9bo,1
http://who.int/wiki/music,0
http://facebook-confirm.79gk0sornc.click/confirm/116vqunn.php,1
http://bit.ly/ggc4ku9,1
http://googlesecure15.click/wp-content/r7i0sa/secure%2Fs3va4%3D6stj,1
https://www.apple.com/watch?v=gqqlyzj0aeo,0
https://bbc.co.uk/docs/getting-started,0
http://apple.signin.ycv3sg.sbi.c-6ekh.ga/index.php?user=mh5x3m&token=z3e9yp0ays4i8s8qlc0j,1
http://hdfcbank.com/about,0
http://linkedin.com,0
http://update-amazon-vlys8.ml:8080/6y05b967ew1z,1
https://reddit.com/docs/getting-started,0
http://paypal.secure.macmvb.who-zxvt.cf/index.php?user=h4oqsr&token=ldhh2ks1cbcifl79r9kp,1
http://38.145.206.121/hdfc/verify.html,1
https://irctc.co.in@0p2waghpa.tk/confirm,1
http://account-google-ukuwv.zip:8080/zfgvch1sixv9,1
https://bbc.co.uk/help/contact,0
http://hdfc-login.fs83jq1n.zip/login/kwm3n3e1.php,1
http://appleconfirm37.xyz/wp-content/yifjhs/confirm%2F1jqed%3Dli5v,1
https://www.reddit.com/docs/getting-started,0
http://bbc.co.uk/docs/getting-started,0
http://bit.ly/yfdmowi,1
https://linkedin.com/search?q=history,0
http://microsoftsecure55.cam/wp-content/rh3l7t/secure%2Fynu5q%3D1oss,1
https://hdfcbank.com,0
https://python.org/help/contact,0
http://facebook-update.1imek3.ga/update/3dc5sggc.php,1
http://netflix.wallet.q4vbgr.python-ajnc.cf/index.php?user=9hxwmv&token=m74lt3sik6fpg5wdfr8v,1
http://127.226.124.239/hdfc/secure.html,1
http://google.billing.v5f3fi.github-gorm.cam/index.php?user=3zh476&token=egqe8dkgxrflrz5g2ylf,1
https://zomato.com@w4hxiobcf.cf/confirm,1
https://microsoft.com/search?q=science,0
http://sbiconfirm16.top/wp-content/fnc3ci/confirm%2Fi1j0f%3D53qb,1
http://apple.com/user/games/profile,0
http://amazon-login.xaqgs.work/login/aix9w04p.php,1
https://amazon.in@0g58jlknp.tk/account,1
http://sbi-secure.7mgrh5rkl.icu/secure/lfva6ar1.php,1
https://flipkart.com/wiki/recipes,0
http://icici.confirm.nctftt.nytimes-d1bi.ga/index.php?user=ob6ffr&token=lkwlq3tnpp2vpfh22cp4,1
http://medium.com,0
https://www.mit.edu/products/item-639,0
https://mit.edu/help/contact,0
http://update-paypal-q9ruj.top:8080/3np6w30y28zb,1
http://195.61.126.105/sbi/support.html,1
http://google.com/docs/getting-started,0
http://github.com/user/games/profile,0
http://102.63.66.142/google/login.html,1
http://amazon-secure.cznb6g3q.tk/secure/yxpybnrk.php,1
http://46.64.92.59/amazon/verify.html,1
https://www.sbi.co.in/wiki/sports,0
https://youtube.com/user/science/profile,0
https://www.flipkart.com/user/recipes/profile,0
https://www.swiggy.com/blog/2024/python,0
https://www.microsoft.com/,0
http://linkedin.com/wiki/python,0
http://update-netflix-yio7r.work:8080/wf2l0oqzmkvz,1
https://www.coursera.org/user/finance/profile,0
https://www.swiggy.com/category/travel/page/626,0
https://coursera.org@nn443bmas.click/login,1
http://facebook.account.fliuf4.medium-cj7x.zip/index.php?user=zy0uqc&token=4wxefjrpd5l8f1bom17o,1
https://stackoverflow.com/search?q=history,0
http://stackoverflow.com/docs/getting-started,0
http://sbisupport16.xyz/wp-content/9kt9ez/support%2F29gu6%3D5m7a,1
http://swiggy.com/docs/getting-started,0
https://www.bbc.co.uk/about,0
https://hdfcbank.com/products/item-592,0
http://bit.ly/p46agyg,1
https://www.hdfcbank.com,0
http://icici.signin.qdnblw.github-usyx.work/index.php?user=2owil4&token=ltw963zs76o9grvz2ehd,1
http://hdfc-signin.nf0ul9ch8l.click/signin/xu3qhqkz.php,1
https://www.microsoft.com/watch?v=smdzqcbzamd,0
https://swiggy.com/docs/getting-started,0
http://icici-verify.oltyhmp.ga/verify/1hxribxa.php,1
https://www.swiggy.com/wiki/news,0
http://reddit.com/category/health/page/604,0
http://78.179.193.90/netflix/wallet.html,1
https://swiggy.com/user/recipes/profile,0
http://zomato.com/products/item-191,0
https://linkedin.com/category/history/page/47,0
http://186.108.54.35/paypal/update.html,1
https://youtube.com,0
https://sbi.co.in/about,0
https://stackoverflow.com/user/recipes/profile,0
https://github.com@tuamdb93q.tk/billing,1
http://nytimes.com/user/news/profile,0
https://github.com/blog/2024/sports,0
http://bit.ly/gzqwhj4,1
http://15.50.52.43/hdfc/signin.html,1
http://sbi.co.in/user/recipes/profile,0
https://bbc.co.uk/user/sports/profile,0
https://youtube.com@5lvwqolf4.zip/verify,1
https://stackoverflow.com/,0
https://nytimes.com/about,0
http://who.int/user/news/profile,0
http://irctc.co.in/about,0
https://nasa.gov/blog/2024/health,0
https://www.google.com/docs/getting-started,0
https://who.int@j1o7ink68.top/update,1
http://114.197.210.221/paypal/billing.html,1
http://python.org/about,0
http://mit.edu/watch?v=cb1kjtgq01t,0
https://python.org@gp0a8d2od.ga/account,1
https://sbi.co.in/blog/2024/news,0
https://nasa.gov@ym49k5yjc.tk/confirm,1
http://paypal-wallet.oyj61a.top/wallet/jsjj583b.php,1
http://google-signin.2u2x17poi9.tk/signin/2ri52zvb.php,1
http://apple.com/blog/2024/laptop,0
http://zomato.com,0
http://bbc.co.uk/products/item-758,0
http://92.101.38.109/amazon/secure.html,1
http://irctc.co.in/blog/2024/news,0
http://microsoft-support.ntvr4fj.xyz/support/sbnu69im.php,1
https://www.microsoft.com/wiki/health,0
https://nasa.gov/blog/2024/games,0
http://google.secure.5mdtce.linkedin-sb5m.cam/index.php?user=bzgjzg&token=8u6mqbiafhe0fwcs4bju,1
https://wikipedia.org@dfo6sa8zo.ga/wallet,1
http://netflix-login.bmkry7i.tk/login/ygc9g6q6.php,1
https://www.stackoverflow.com/,0
https://coursera.org/category/news/page/915,0
http://bit.ly/aadov9w,1
https://amazon.in,0
https://coursera.org/,0
https://bbc.co.uk@0lo2k9quv.work/verify,1
http://bit.ly/orfzcp8,1
http://python.org/blog/2024/news,0
https://www.python.org,0
https://github.com/user/travel/profile,0
http://bit.ly/vf61dm7,1
https://reddit.com/,0
https://www.github.com/products/item-379,0
http://google.com/blog/2024/science,0
http://paypalwallet88.zip/wp-content/3rr8jp/wallet%2Fvq308%3Dn32k,1
http://netflix.login.yg3hd6.medium-wqt2.cam/index.php?user=exwnsc&token=i32a6vk0kj1ytlvijfu5,1
https://nasa.gov/docs/getting-started,0
https://apple.com/category/sports/page/825,0
https://www.nytimes.com,0
http://bbc.co.uk/blog/2024/recipes,0
http://microsoft.verify.j56utd.hdfcbank-i34u.top/index.php?user=dy1apg&token=zmkbf6x3l8tvf7mwtz56,1
http://netflix.update.5awtaq.wikipedia-af8q.ml/index.php?user=mqhzw2&token=2dptmd4f9hg3sd2gniib,1
https://medium.com/user/laptop/profile,0
http://login-microsoft-4yqq1.cf:8080/4267yurnzp1o,1
https://google.com/user/python/profile,0
https://linkedin.com/category/finance/page/760,0
https://hdfcbank.com/category/finance/page/149,0
http://github.com/help/contact,0
http://support-google-62er6.icu:8080/eu6rln7ogkh5,1
https://stackoverflow.com/category/python/page/888,0
http://bit.ly/qeagtnp,1
http://microsoftsupport78.work/wp-content/q6y5yc/support%2Fnids1%3D3pmn,1
http://208.22.2.74/sbi/confirm.html,1
http://facebook.login.qvb3lt.nytimes-cqex.ga/index.php?user=ufqjeg&token=y1lwb46t86lr6sakraff,1
http://microsoftsignin75.icu/wp-content/bmrcot/signin%2Fx8o7i%3Di03o,1
https://nytimes.com/watch?v=epyohakc37w,0
http://sbi-update.f5jcdz.cam/update/93i36de5.php,1
http://sbi-wallet.yqn92t2kry.work/wallet/nlaf0ph6.php,1
https://github.com/blog/2024/recipes,0
https://linkedin.com@e14ot4fpu.cf/wallet,1
http://192.131.182.101/amazon/login.html,1
https://nasa.gov/docs/getting-started,0
https://amazon.in@d6r5fl42v.click/verify,1
http://bit.ly/koe2hk7,1
http://amazon-update.agxmn.ga/update/kn444o05.php,1
https://bbc.co.uk/watch?v=07x887lguuw,0
http://linkedin.com/docs/getting-started,0
http://flipkart.com/user/laptop/profile,0
https://wikipedia.org@kjousk57q.cam/account,1
https://github.com,0
https://www.amazon.in/docs/getting-started,0
https://linkedin.com,0
https://www.github.com/products/item-252,0
https://irctc.co.in/docs/getting-started,0
http://signin-paypal-fgigv.zip:8080/3wagb2rh7326,1
https://swiggy.com/about,0
http://bit.ly/wp82h6s,1
https://bbc.co.uk/watch?v=jlwss1vip3t,0
https://www.flipkart.com/search?q=sports,0
http://coursera.org/user/recipes/profile,0
http://amazon.in/search?q=travel,0
https://www.github.com/wiki/science,0
https://wikipedia.org/search?q=python,0
https://irctc.co.in/user/recipes/profile,0
https://www.medium.com/products/item-761,0
http://mit.edu/blog/2024/sports,0
http://sbi.confirm.m6tt9h.nytimes-l80h.cam/index.php?user=nsfe1v&token=0onrnvwx994wah3qo2cn,1
http://152.193.118.130/netflix/verify.html,1
https://wikipedia.org/user/history/profile,0
https://www.swiggy.com/category/news/page/405,0
http://hdfc-verify.48p6eh2.ga/verify/y205kh04.php,1
http://paypalconfirm17.ml/wp-content/ggnfa8/confirm%2F014eh%3Dthug,1
http://microsoft.billing.8n2r48.irctc.c-t8ta.click/index.php?user=givee5&token=7b6wzloohvue3u1f5r3z,1
https://www.linkedin.com/help/contact,0
https://reddit.com/help/contact,0
http://applesignin67.tk/wp-content/8mta5x/signin%2F93uxm%3D2c6k,1
http://amazon-support.9qcl3o4u8.cam/support/in2bhyaq.php,1
http://account-netflix-68uuj.cam:8080/2g430lr3oozi,1
http://125.98.55.127/hdfc/wallet.html,1
https://zomato.com/category/python/page/800,0
http://microsoft-update.r0l32.work/update/u5cxuhgk.php,1
https://github.com@ppajiyryy.ga/billing,1
http://apple.com/blog/2024/recipes,0
http://paypalsignin66.click/wp-content/0qcu16/signin%2Fdkpmv%3Dno9i,1
http://netflix-update.1j2abl3d.ml/update/yh97diyx.php,1
http://hdfcbank.com,0
http://applesupport52.cf/wp-content/qoi2jv/support%2Fzhoyy%3Dkczf,1
http://hdfc.verify.o3t91a.google-g9r3.click/index.php?user=04abis&token=cw1pz117ib22zu6sjjfz,1
http://43.33.123.107/microsoft/support.html,1
http://sbiconfirm29.tk/wp-content/6nngnj/confirm%2Fyjikw%3Ds9uv,1
https://bbc.co.uk/help/contact,0
http://stackoverflow.com/category/history/page/458,0
https://reddit.com/user/travel/profile,0
https://sbi.co.in/user/finance/profile,0
http://login-netflix-zwr9i.work:8080/weusns7vbhhk,1
http://apple-confirm.hpu5phpyh.icu/confirm/x68yv2np.php,1
https://youtube.com/,0
http://applebilling27.tk/wp-content/6aar17/billing%2Fqr0ap%3Dxp8i,1
http://google.update.cxlze6.apple-9kw2.click/index.php?user=aua5c3&token=a1m9x9owkvn4hjvhc4o8,1
http://youtube.com/docs/getting-started,0
https://www.zomato.com/blog/2024/science,0
https://stackoverflow.com/blog/2024/sports,0
https://www.github.com/help/contact,0
https://google.com/docs/getting-started,0
https://www.nasa.gov/user/python/profile,0
http://bit.ly/6t5fjtb,1
http://signin-sbi-neyn7.cam:8080/4lrd2kx2swos,1
https://coursera.org/blog/2024/health,0
https://www.medium.com/user/finance/profile,0
https://wikipedia.org/products/item-110,0
http://secure-hdfc-rtwfk.zip:8080/5mgc3ectatg6,1
http://apple.wallet.hic6v1.nasa-yiir.top/index.php?user=41g20d&token=fxuj5ogqjt4ngydbnigz,1
https://www.nytimes.com/search?q=science,0
https://hdfcbank.com,0
https://github.com@syyw0gajk.icu/login,1
https://www.google.com/docs/getting-started,0
https://www.mit.edu/blog/2024/laptop,0
https://www.stackoverflow.com/about,0
https://www.linkedin.com/help/contact,0
https://www.nasa.gov/search?q=finance,0
https://microsoft.com/help/contact,0
http://billing-microsoft-qtc8s.ga:8080/jkg4repuoc0k,1
https://zomato.com@h3w6d6zj6.top/account,1
http://sbi.co.in/watch?v=7mvz01sosr2,0
http://paypal-login.nbi5e0l1.ga/login/q9rvsf0s.php,1
http://hdfc-confirm.anotq.top/confirm/lv7rxt4q.php,1
http://amazonsignin3.cf/wp-content/p1yvfk/signin%2Fxvqva%3Deutj,1
http://11.130.191.72/amazon/login.html,1
https://stackoverflow.com/,0
https://swiggy.com/category/music/page/380,0
https://microsoft.com/blog/2024/laptop,0
http://194.148.157.19/netflix/update.html,1
https://medium.com/blog/2024/travel,0
http://youtube.com/blog/2024/finance,0
https://apple.com/docs/getting-started,0
https://who.int/search?q=python,0
https://who.int/help/contact,0
http://amazon.in/help/contact,0
http://sbi-signin.906k37.top/signin/e4ey9jvb.php,1
http://186.147.194.247/paypal/secure.html,1
http://95.63.44.130/microsoft/account.html,1
https://coursera.org@y8258j2hk.ga/wallet,1
https://mit.edu/user/games/profile,0
https://hdfcbank.com@bj3hio0a8.click/support,1
http://bit.ly/7rsmfqt,1
https://microsoft.com@nw8r3mu50.tk/login,1
http://126.107.55.201/paypal/billing.html,1
https://www.python.org/user/health/profile,0
http://paypal.signin.drvd51.wikipedia-uodz.tk/index.php?user=y2xazw&token=mz6jxryx5zvomxw3hb9e,1
https://reddit.com/help/contact,0
http://hdfc.signin.fkcepg.youtube-cma2.ml/index.php?user=h5csrr&token=qsx696ghskzwr22bi90y,1
https://who.int@6771l6r4u.xyz/confirm,1
http://sbi.account.exft0s.google-v8g4.work/index.php?user=dyuvum&token=sffrhd7mdy8uq9ia2w90,1
http://amazonsupport45.top/wp-content/h3t8x2/support%2Fg24gv%3Da34e,1
http://microsoft-signin.w0mdza.cf/signin/ncswy1ze.php,1
http://facebook-verify.2r9k9lj.zip/verify/3lsjkoqz.php,1
http://facebook-account.tjlon.tk/account/o3ygu3zn.php,1
https://www.linkedin.com/about,0
http://amazonaccount16.zip/wp-content/98gfex/account%2F6dcle%3Ddo51,1
http://who.int,0
http://bit.ly/lw3zfes,1
https://stackoverflow.com/blog/2024/finance,0
https://www.google.com/help/contact,0
http://sbi.secure.hvoxj0.google-qv33.click/index.php?user=3c2uud&token=sqncuyk2vfhd7wg11sxx,1
http://33.184.42.162/paypal/confirm.html,1
http://microsoftupdate76.click/wp-content/vetybg/update%2Fd9e32%3Dlfiy,1
http://secure-hdfc-cdwx9.cf:8080/my4i11de1yu9,1
http://microsoft-signin.h9gcts8.icu/signin/h5bqd2ug.php,1
https://nytimes.com@mvltmwkgg.ga/verify,1
http://linkedin.com/watch?v=cprhvlz049e,0
https://apple.com/category/news/page/775,0
http://icici-wallet.rdevcjz.ga/wallet/xcv21rx6.php,1
https://irctc.co.in@9y4yzkmru.work/account,1
http://paypal-wallet.61gxcnwsgl.ml/wallet/97c8k3nn.php,1
http://netflix-signin.popdq2eceb.ga/signin/rdyamsu1.php,1
http://nasa.gov/blog/2024/news,0
https://youtube.com,0
http://python.org/about,0
http://bbc.co.uk/category/travel/page/174,0
http://microsoft-signin.ujexu4q.work/signin/vydukpuw.php,1
http://30.186.221.61/sbi/verify.html,1
http://icici-signin.nobgpj.work/signin/yhvo2n0i.php,1
http://netflix.support.ufu7xi.coursera-fcyq.cf/index.php?user=8qds4z&token=nzq7gbjwavlfdjyujjv8,1
http://google.support.hcc5zs.apple-o48d.ml/index.php?user=hcbzcx&token=qud8m829a7zz99hh4rwb,1
https://www.hdfcbank.com/docs/getting-started,0
http://hdfcbank.com/user/python/profile,0
http://paypalaccount8.ml/wp-content/9m305t/account%2F1ww8p%3Dawhl,1
https://bbc.co.uk/products/item-130,0
http://youtube.com/search?q=finance,0
https://mit.edu/wiki/music,0
https://bbc.co.uk/about,0
http://sbi-update.ooze9mcjqq.xyz/update/08zx54sd.php,1
https://nytimes.com/help/contact,0
https://amazon.in/blog/2024/news,0
https://www.nytimes.com/category/finance/page/71,0
https://who.int/about,0
https://www.github.com/user/history/profile,0
https://nytimes.com/help/contact,0
http://180.16.208.139/facebook/signin.html,1
https://reddit.com@ggv9f9pwb.click/wallet,1
https://bbc.co.uk/help/contact,0
https://google.com/products/item-601,0
https://who.int/products/item-718,0
https://mit.edu/category/music/page/999,0
http://hdfcsupport4.cam/wp-content/7rmn41/support%2Fr7cx7%3Dm59p,1
https://medium.com/blog/2024/travel,0
http://login-paypal-viget.icu:8080/ns9dnps862jc,1
https://linkedin.com/user/health/profile,0
https://medium.com/blog/2024/laptop,0
https://nytimes.com/blog/2024/games,0
http://85.209.64.221/microsoft/account.html,1
https://github.com/watch?v=0j1oulwozq4,0
https://zomato.com/products/item-71,0
http://wallet-google-hnydz.top:8080/0b545k5q5goe,1
http://bit.ly/nrh1c5o,1
https://www.apple.com/products/item-932,0
https://reddit.com/category/finance/page/898,0
http://microsoft-secure.fuxazk8j7.work/secure/2oyv983j.php,1
https://www.hdfcbank.com/wiki/travel,0
http://icicisignin87.zip/wp-content/a7s5f8/signin%2Fbmaaw%3D1wcm,1
http://hdfcaccount87.xyz/wp-content/ug1mvj/account%2Fkq5o0%3Dt4bg,1
https://sbi.co.in/help/contact,0
https://microsoft.com@rl9c9n24r.top/confirm,1
https://microsoft.com/about,0
https://medium.com/user/sports/profile,0
https://python.org/user/games/profile,0
https://wikipedia.org@qc35aznp7.click/wallet,1
https://nasa.gov/blog/2024/recipes,0
http://microsoft-billing.l90fxv2yre.top/billing/lzawr7zj.php,1
http://sbilogin76.click/wp-content/2hvmbn/login%2F4hzwc%3Dfu9n,1
http://bit.ly/clvvagy,1
https://reddit.com/docs/getting-started,0
http://amazonsecure14.ga/wp-content/4fhrqj/secure%2F6ff4y%3Dex32,1
http://netflix-account.kj6szxi5n6.cam/account/dbxf9rex.php,1
https://www.who.int/blog/2024/science,0
http://apple.com,0
https://medium.com/about,0
https://sbi.co.in/docs/getting-started,0
http://nytimes.com/wiki/news,0
https://linkedin.com/docs/getting-started,0
http://197.235.144.188/microsoft/confirm.html,1
https://youtube.com/docs/getting-started,0
https://apple.com/about,0
http://27.151.186.149/hdfc/account.html,1
http://facebookupdate8.work/wp-content/5f0v5v/update%2Fyk7cf%3D2j4l,1
https://linkedin.com/about,0
https://apple.com@yl1w9jpkp.ml/update,1
http://bit.ly/465xzea,1
http://14.52.73.68/icici/billing.html,1
https://amazon.in/,0
http://bit.ly/fs59h9x,1
http://hdfc.secure.4k33s5.hdfcbank-7tdv.xyz/index.php?user=842qyv&token=tqnkv78rtjr2gjcgmbj2,1
http://linkedin.com/about,0
http://linkedin.com/,0
http://bit.ly/69ac9t6,1
http://bit.ly/auxy9or,1
http://apple.com/search?q=travel,0
https://microsoft.com@gaao765zc.tk/signin,1
http://google-login.sflxezxpf.cam/login/hakr2agg.php,1
https://www.who.int/help/contact,0
http://paypalaccount71.ml/wp-content/wrzqe5/account%2F4pfmi%3Dcx9u,1
http://coursera.org/docs/getting-started,0
http://appleconfirm41.work/wp-content/imlx6v/confirm%2Fym6qg%3Dovuo,1
https://medium.com@4e6fe81du.cf/signin,1
http://bit.ly/62tmlp0,1
https://www.who.int,0
https://sbi.co.in/category/laptop/page/760,0
https://mit.edu/watch?v=91p778rnkow,0
http://bit.ly/uz04tmw,1
http://support-sbi-ywmjt.ga:8080/w7tdwdelfq3b,1
http://swiggy.com/,0
http://facebooksupport56.icu/wp-content/x7lofo/support%2Flangx%3Dcd28,1
http://amazon.in/help/contact,0
https://bbc.co.uk/wiki/recipes,0
http://sbilogin10.icu/wp-content/0rbfvt/login%2Fm6x4k%3D3owa,1
http://amazon.in/docs/getting-started,0
http://account-netflix-keakv.xyz:8080/od3rs2nu4bmz,1
http://microsoft-signin.phomo7rn.icu/signin/7uqi62k3.php,1
http://login-apple-52a76.cf:8080/8o3btg7ga245,1
https://zomato.com,0
http://facebookconfirm47.xyz/wp-content/zp8pwn/confirm%2F40e1j%3Djdzc,1
http://microsoftlogin95.zip/wp-content/iuxorj/login%2Fgru9t%3Dd57r,1
https://flipkart.com@1kvldhp3a.icu/login,1
https://reddit.com@q59d6sv8f.cf/signin,1
http://bit.ly/amixw78,1
http://verify-paypal-uak3j.top:8080/16cuashezj9v,1
https://flipkart.com/,0
https://who.int/about,0
http://linkedin.com/search?q=history,0
https://github.com/help/contact,0
https://hdfcbank.com@pjz3n3m4l.zip/billing,1
http://swiggy.com/about,0
http://paypalaccount97.ga/wp-content/o9qeso/account%2Fs0zxk%3Dqkp9,1
https://stackoverflow.com@6o2gsx9oa.cf/confirm,1
https://nasa.gov/help/contact,0
http://linkedin.com/blog/2024/sports,0
http://facebook.wallet.usazqy.who-yr6n.zip/index.php?user=bqd8qk&token=ki9u0vqf6oylcb37bq3r,1
http://160.80.73.222/icici/confirm.html,1
http://zomato.com/category/laptop/page/953,0
http://sbi.update.2eyeny.youtube-59g5.ml/index.php?user=hg5ugh&token=nbjn2e6xljkfcqjukurk,1
https://www.bbc.co.uk/category/recipes/page/196,0
https://swiggy.com/wiki/python,0
http://account-apple-wowkz.cam:8080/m925gzc2h6ht,1
https://stackoverflow.com@1muyrpk40.click/billing,1
http://billing-netflix-9egvx.cam:8080/bcvlmeilnb0c,1
https://bbc.co.uk@jt510lk87.xyz/secure,1
http://facebook-secure.o8bjmigj.zip/secure/6hm3j5ue.php,1
http://amazon.confirm.3mleoz.medium-ar1v.cf/index.php?user=y7hxr4&token=g0cyobg0iuz948p7a8gc,1
https://wikipedia.org/blog/2024/news,0
https://mit.edu/wiki/sports,0
http://paypal.secure.w1diyf.nasa-mag7.icu/index.php?user=5to3e1&token=e42t2g43154maphayibu,1
https://www.swiggy.com/search?q=finance,0
https://www.stackoverflow.com/wiki/python,0
https://nytimes.com/help/contact,0
https://swiggy.com/user/recipes/profile,0
http://netflixsecure21.work/wp-content/mnawy0/secure%2Fpeqlv%3D488p,1
http://bit.ly/gkyojb4,1
http://medium.com/user/travel/profile,0
http://microsoftbilling29.click/wp-content/6rwarq/billing%2Fcfk3e%3Dkwh1,1
https://bbc.co.uk/blog/2024/games,0
https://zomato.com@08ipuv58o.ga/verify,1
https://python.org/about,0
http://signin-facebook-mulob.cf:8080/777ih0fuojjf,1
https://youtube.com/user/science/profile,0
http://icici.secure.uaq3h8.nasa-zkjs.top/index.php?user=7mq2c3&token=yd8xnalt4u6o3lpo7381,1
https://www.bbc.co.uk/docs/getting-started,0
https://www.irctc.co.in/wiki/recipes,0
https://swiggy.com/about,0
http://amazon.confirm.os2i14.who-7b6l.ga/index.php?user=8npr2x&token=c6uawzzv7w23436opqvn,1
http://amazon.wallet.u4x7x8.coursera-forp.ml/index.php?user=oklf43&token=rsasvi1x1vh3ji9pvmtm,1
http://hdfcupdate2.click/wp-content/qszxpg/update%2Fbmczd%3Dbrae,1
https://amazon.in/search?q=python,0
https://reddit.com,0
http://linkedin.com/category/history/page/534,0
https://medium.com/user/health/profile,0
https://google.com/docs/getting-started,0
http://sbi.account.t69pv6.microsoft-yrae.icu/index.php?user=on3ov1&token=okmdvaw54oqlfj8rm4t2,1
http://login-icici-f2chs.top:8080/nbwidfch3o1h,1
http://amazon-account.p41yb60.ga/account/6rp26gfq.php,1
https://who.int/products/item-302,0
https://www.bbc.co.uk/,0
http://bit.ly/tt3m5h0,1
http://amazon.in/products/item-405,0
https://medium.com@9us74ccfh.top/secure,1
http://medium.com/,0
http://google-confirm.doq89v2.top/confirm/xx0ze5nh.php,1
https://www.swiggy.com/watch?v=ln2v51psxt0,0
http://22.214.48.172/netflix/login.html,1
https://zomato.com/user/travel/profile,0
https://www.nytimes.com/user/sports/profile,0
https://www.coursera.org/category/games/page/488,0
http://microsoftbilling64.cam/wp-content/rlzxww/billing%2F4huds%3Dnj53,1
https://sbi.co.in/watch?v=oalfwypeek0,0
https://google.com/watch?v=9ohnpvcub7q,0
https://www.nasa.gov/about,0
https://www.irctc.co.in/products/item-676,0
http://sbisecure43.work/wp-content/zu5e3v/secure%2Fmk0pl%3Ded0z,1
http://apple.account.z3aoea.medium-u8pn.cam/index.php?user=74fy51&token=15zg80zwvhyjeedp2naf,1
https://www.swiggy.com/,0
https://linkedin.com/user/news/profile,0
https://zomato.com/docs/getting-started,0
https://python.org@n1o5bqwyo.top/secure,1
http://netflix-update.lphyki.cf/update/z8v886n7.php,1
http://applewallet63.cf/wp-content/y56h2f/wallet%2Ff2zvi%3Di8tp,1
https://www.zomato.com/products/item-827,0
http://sbi-wallet.036i6qgcmr.work/wallet/rkal94pe.php,1
http://netflixwallet52.xyz/wp-content/8s15jd/wallet%2F466y4%3D2ocz,1
http://nasa.gov/user/sports/profile,0
http://iciciwallet87.cam/wp-content/2a8ts1/wallet%2F71sd6%3Dqk06,1
http://update-sbi-55lz2.click:8080/l2e9eu0g8lwd,1
http://bbc.co.uk/user/news/profile,0
http://coursera.org/blog/2024/python,0
http://207.67.3.203/netflix/billing.html,1
https://coursera.org@3693qnybm.zip/billing,1
https://wikipedia.org/products/item-716,0
http://70.98.123.14/apple/account.html,1
https://hdfcbank.com/watch?v=p43ar6jlt8y,0
http://applesecure86.cam/wp-content/4th3ey/secure%2Fci6t3%3Daaai,1
http://amazon.in/help/contact,0
http://amazon.verify.4yn6zj.irctc.c-hrqa.ml/index.php?user=9vzeox&token=981bf8w80uxn3e6oqe09,1
http://hdfcbank.com/help/contact,0
http://google.com/user/finance/profile,0
https://apple.com/watch?v=tea7187f8ts,0
http://sbi.verify.ir2yjk.stackoverflow-pk9v.click/index.php?user=o8pm4y&token=2mgbncprcwfbyach4l0a,1
https://irctc.co.in/blog/2024/history,0
http://amazon.signin.go8n17.nytimes-rdja.cf/index.php?user=k2jykm&token=uy2biadvo9f188nv6yyx,1
http://google.update.31wcgv.linkedin-fw9i.ml/index.php?user=oyir1u&token=p3czsaz46abqz21pn3oa,1
https://nasa.gov/search?q=finance,0
http://188.89.45.9/microsoft/confirm.html,1
https://reddit.com@q85t27fz0.zip/support,1
http://netflix.update.j8ijum.stackoverflow-exnb.click/index.php?user=tbcgti&token=jst72v3m4lkmswvbcghd,1
http://bit.ly/fzs958p,1
http://bit.ly/81ob3w1,1
http://hdfc-secure.7hfvsv.top/secure/3v4bnax2.php,1
http://youtube.com,0
https://medium.com@w59q7s44z.ml/billing,1
https://nasa.gov/products/item-981,0
https://linkedin.com@qr3tb8vfq.cf/wallet,1
http://microsoft-signin.ydzzb3oc.cam/signin/jz5qde2y.php,1
https://www.stackoverflow.com,0
http://icici-update.w6mzknt.cam/update/k3ih714u.php,1
https://youtube.com@dfv37snle.ml/account,1
http://hdfc-verify.iqmgpoem.tk/verify/ksd1jcpt.php,1
http://sbi-account.clw795.top/account/ywnfj9n6.php,1
http://bit.ly/8yrc7qg,1
https://flipkart.com/category/travel/page/622,0
http://bit.ly/8jg78ia,1
http://216.143.31.40/netflix/account.html,1
http://paypalupdate73.tk/wp-content/ab8ckq/update%2Fc4lfs%3Di0lj,1
http://sbi.secure.916yus.linkedin-adke.cf/index.php?user=l21aa6&token=y87qs7jp1ilriou3wbvd,1
https://www.reddit.com/products/item-889,0
https://nasa.gov@lr4gvoh6d.click/support,1
http://account-hdfc-xc39y.xyz:8080/uv3fjep9svuu,1
http://who.int/docs/getting-started,0
https://www.mit.edu/,0
https://youtube.com@y2eu0esqu.ga/update,1
http://201.227.35.172/hdfc/billing.html,1
http://flipkart.com/category/finance/page/600,0
https://swiggy.com/user/news/profile,0
http://login-hdfc-6ivao.tk:8080/lxqrmq1hdeyl,1
http://google-update.q4zd6aovl7.work/update/xtr3gae9.php,1
http://apple.com,0
https://google.com/docs/getting-started,0
http://iciciupdate39.zip/wp-content/34j008/update%2Fcydvx%3Dvxyi,1
http://update-netflix-fn01j.top:8080/ppqpxykfo7iq,1
https://www.who.int/help/contact,0
http://microsoft.secure.sc2glx.zomato-ur1z.ml/index.php?user=82h394&token=lmuxfzjdcy98qhsfm8qp,1
https://hdfcbank.com/blog/2024/music,0
http://facebooklogin31.top/wp-content/xhwrrv/login%2Faxgum%3Ddf4n,1
https://www.medium.com/watch?v=hbawyqmogbj,0
https://www.linkedin.com/about,0
http://medium.com/help/contact,0
http://70.134.73.15/amazon/login.html,1
http://paypal-secure.isxhvt1kk.ga/secure/eqvi0oye.php,1
https://medium.com@7btpdo7yf.icu/signin,1
https://stackoverflow.com/docs/getting-started,0
http://amazon-wallet.n9obx.click/wallet/c56kvwpw.php,1
http://netflixbilling6.icu/wp-content/6s2bug/billing%2F35i08%3D0380,1
http://microsoft.wallet.j7ktsp.nasa-uod0.ml/index.php?user=fuviv6&token=txomi8co2xzdirhecy11,1
http://bit.ly/smjao3n,1
https://www.wikipedia.org/watch?v=s0765icautj,0
https://swiggy.com/blog/2024/health,0
http://sbisecure62.work/wp-content/7b7uya/secure%2F088qe%3Dg0o0,1
http://python.org/watch?v=vdpngwds9yx,0
https://python.org/docs/getting-started,0
http://108.123.236.150/sbi/billing.html,1
https://coursera.org@scx401l51.zip/update,1
https://reddit.com/blog/2024/travel,0
https://apple.com/,0
https://wikipedia.org/blog/2024/recipes,0
https://github.com/wiki/games,0
http://amazon.update.4wqrv5.apple-rmoz.zip/index.php?user=l65x4w&token=u1i7xxeq58wzuaczrre5,1
https://nasa.gov/category/games/page/371,0
https://hdfcbank.com/,0
http://iciciverify69.ga/wp-content/hrjae8/verify%2Fqk4z9%3D1pla,1
https://reddit.com/docs/getting-started,0
https://www.sbi.co.in/wiki/finance,0
http://icici-support.o4cdtbj9.cf/support/1qoe5iom.php,1
https://microsoft.com@ms55nmwhh.icu/secure,1
https://google.com/user/history/profile,0
https://www.swiggy.com/category/health/page/974,0
http://paypal-secure.4sk2mlfdtl.click/secure/t365w64y.php,1
https://coursera.org/watch?v=qxm0632cwt0,0
https://medium.com/docs/getting-started,0
https://who.int/watch?v=a4leo0eu2ci,0
http://flipkart.com/search?q=laptop,0
http://hdfc-update.5yshg.tk/update/pz91kmgq.php,1
https://reddit.com/help/contact,0
http://bit.ly/gseotp5,1
https://bbc.co.uk/help/contact,0
http://icici-secure.r756ss.ml/secure/x82ufl9m.php,1
https://www.linkedin.com/docs/getting-started,0
https://www.medium.com/user/travel/profile,0
http://update-netflix-flv7e.ml:8080/jm1r1qjqmfd2,1
http://amazon.in/products/item-304,0
https://wikipedia.org/products/item-313,0
https://www.nytimes.com/products/item-499,0
https://python.org@x6tp9qopw.ga/secure,1
http://swiggy.com,0
http://facebooksignin86.top/wp-content/h3qzxy/signin%2F4a15f%3D4jm8,1
https://sbi.co.in@3suyqo89l.click/signin,1
http://bbc.co.uk/user/sports/profile,0
http://paypalbilling66.ml/wp-content/8cysy8/billing%2Fl5bqk%3Dmy6q,1
https://www.apple.com/category/health/page/176,0
http://paypalsignin49.click/wp-content/ipdtnt/signin%2Fhm707%3Dx3kb,1
https://nytimes.com/category/python/page/187,0
http://linkedin.com/docs/getting-started,0
https://www.apple.com/docs/getting-started,0
https://nasa.gov/products/item-821,0
http://121.33.239.53/apple/wallet.html,1
https://apple.com/blog/2024/news,0
https://nytimes.com/products/item-664,0
http://google.secure.zq1vkv.swiggy-mu4q.cf/index.php?user=bd2apx&token=etgcj7ln2525ws29ppp4,1
http://google.com,0
https://www.irctc.co.in/blog/2024/music,0
https://who.int@0nh0rudbr.icu/confirm,1
https://www.apple.com/search?q=finance,0
http://sbisignin29.cam/wp-content/yw6mxr/signin%2Ff9cfw%3Dawq4,1
http://verify-paypal-5mxcp.ga:8080/xcx1w80wiixr,1
https://wikipedia.org,0
http://update-amazon-m12aw.icu:8080/vspyzfzj29y7,1
http://flipkart.com/watch?v=z3dxb3n27m5,0
http://github.com/wiki/music,0
http://support-netflix-a3tsa.ga:8080/zk8zy7eskzad,1
http://account-apple-fddsy.zip:8080/1zy6n78jp289,1
https://www.swiggy.com/search?q=finance,0
http://sbibilling57.ga/wp-content/57gocr/billing%2Fk53op%3Dpoyd,1
https://hdfcbank.com@tgd2rttdw.ml/account,1
https://www.linkedin.com/about,0
https://youtube.com@xrtzw446t.click/secure,1
https://microsoft.com/search?q=games,0
http://paypal.wallet.w35f5s.google-s1tl.work/index.php?user=q4t6f1&token=qw90tpg97gza2bzclrl9,1
https://reddit.com/category/health/page/154,0
http://medium.com/category/health/page/321,0
http://google-support.zwvih.icu/support/w991k8bk.php,1
http://google.wallet.hrrrsu.mit-v8so.ga/index.php?user=ty26gk&token=tuf15nkjlg3oxf93gl8t,1
https://python.org@ofdugtwu5.click/verify,1
https://www.python.org/about,0
https://flipkart.com/search?q=laptop,0
https://youtube.com/products/item-436,0
https://www.zomato.com/search?q=news,0
http://bit.ly/du68459,1
http://bit.ly/01inhki,1
https://youtube.com/category/games/page/369,0
https://www.flipkart.com/about,0
https://www.flipkart.com/category/games/page/795,0
https://irctc.co.in@72hn20gpw.ml/secure,1
http://124.196.163.210/microsoft/update.html,1
http://nytimes.com/help/contact,0
https://wikipedia.org/products/item-28,0
https://mit.edu/watch?v=ay64yfds0dj,0
http://apple.com/blog/2024/finance,0
